x	y
2.75807933893485	0.764710363024488
2.75580772001712	0.763760469153332
0.94820175004088	0.248479682375772
2.75520320904554	0.763197913000704
2.75580772001712	0.763760469153332
2.75641316563256	0.763778311858285
1.95731570776637	0.441000340195791
2.75580772001712	0.763760469153332
1.44958631087756	0.477702557005987
0.944504519928106	0.247598335656165
0.94820175004088	0.248479682375772
1.95786695174359	0.441149378722158
0.133879172838789	0.0444578970345513
0.94820175004088	0.248479682375772
0.159402290839324	0.0399177124259514
-0.16719037374262	0.0598638290738506
0.670479674423801	0.308592907557702
1.80835489274816	0.70010856168417
2.75641316563256	0.763778311858285
1.4480329582247	0.477161868008032
1.31218528243788	0.56311122145944
-3.46299441124492	1.22953362528533
0.948337549654709	0.248516516252871
0.162590253502546	0.0405994312489443
0.950998501270056	0.249196467275389
2.75807933893485	0.764710363024488
0.661517102334111	0.207824976675168
1.81264504950119	0.702404900566408
2.75807933893485	0.764710363024488
1.95988292961267	0.441702177751728
1.95988292961267	0.441702177751728
1.81515619836297	0.703574555319196
-0.35666348042052	0.102404483392645
0.94820175004088	0.248479682375772
2.75520320904554	0.763197913000704
0.159992352718576	0.0400538861334557
0.155111385030128	0.0290417527313876
3.26569824690609	1.10327543173781
0.658448437247608	0.206865271021461
1.4480329582247	0.477161868008032
2.75807933893485	0.764710363024488
1.95731570776637	0.441000340195791
1.44839669376933	0.477459847846965
3.63331351050508	1.42008896661082
1.95731570776637	0.441000340195791
-0.3523322595973	0.101168276473444
1.95731570776637	0.441000340195791
0.806838919732094	0.332176983465779
1.95786695174359	0.441149378722158
1.44899109330448	0.477667123734845
-0.355401168227563	0.102014834884787
0.155067569950451	0.0290355764553768
0.155067569950451	0.0290355764553768
0.157325350109871	0.02936446462458
0.154465593370314	0.0289479903375428
1.95731570776637	0.441000340195791
1.95731570776637	0.441000340195791
1.95786695174359	0.441149378722158
1.95731570776637	0.441000340195791
1.95731570776637	0.441000340195791
1.95731570776637	0.441000340195791
0.15963091503218	0.0399802605532864
1.95786695174359	0.441149378722158
0.155067569950451	0.0290355764553768
0.659324643575319	0.207123110468657
0.16045117802105	0.0401558290866076
0.155111385030128	0.0290417527313876
0.948337549654709	0.248516516252871
1.95988292961267	0.441702177751728
1.95786695174359	0.441149378722158
1.95786695174359	0.441149378722158
0.94820175004088	0.248479682375772
2.75520320904554	0.763197913000704
0.948768757521975	0.248549269795159
1.95988292961267	0.441702177751728
1.95786695174359	0.441149378722158
1.95786695174359	0.441149378722158
0.948768757521975	0.248549269795159
0.948337549654709	0.248516516252871
0.160583229502904	0.0401661733691417
0.948337549654709	0.248516516252871
2.75580772001712	0.763760469153332
0.154509067766894	0.0289541162362231
1.95731570776637	0.441000340195791
1.95786695174359	0.441149378722158
1.95786695174359	0.441149378722158
1.95731570776637	0.441000340195791
1.95988292961267	0.441702177751728
1.95731570776637	0.441000340195791
2.75641316563256	0.763778311858285
2.75520320904554	0.763197913000704
3.63331351050508	1.42008896661082
-0.352036490485324	0.101122204058746
-0.626075023442282	0.151167646950723
1.02271178737872	0.381316878019672
2.75520320904554	0.763197913000704
1.95731570776637	0.441000340195791
0.157325350109871	0.02936446462458
0.154465593370314	0.0289479903375428
0.950426851449918	0.249037516760643
0.155111385030128	0.0290417527313876
2.75807933893485	0.764710363024488
1.95786695174359	0.441149378722158
1.95786695174359	0.441149378722158
1.95786695174359	0.441149378722158
1.95786695174359	0.441149378722158
1.95786695174359	0.441149378722158
2.54557570899396	1.37892987568067
2.10055021952577	0.924312412659368
3.26406378444313	1.10187162962723
0.948768757521975	0.248549269795159
-0.628299579656606	0.151558046801791
-1.79840965860499	0.382877827643389
1.95731570776637	0.441000340195791
0.155067569950451	0.0290355764553768
0.154311934860129	0.0289593414864238
1.95731570776637	0.441000340195791
0.947770742439721	0.248281535275256
1.95731570776637	0.441000340195791
0.947635845528227	0.248244973505163
2.75580772001712	0.763760469153332
0.94820175004088	0.248479682375772
1.44899109330448	0.477667123734845
0.948337549654709	0.248516516252871
1.95731570776637	0.441000340195791
2.75580772001712	0.763760469153332
0.94820175004088	0.248479682375772
0.132382889280095	0.0439989008298304
0.156070095129669	0.0391676647119387
0.154465593370314	0.0289479903375428
1.95731570776637	0.441000340195791
2.75580772001712	0.763760469153332
3.26345542626113	1.10199860979414
0.16045117802105	0.0401558290866076
2.75580772001712	0.763760469153332
1.95988292961267	0.441702177751728
0.155067569950451	0.0290355764553768
1.95731570776637	0.441000340195791
1.95731570776637	0.441000340195791
0.950858461556905	0.2491584305819
0.943937640725668	0.24736392993685
1.95731570776637	0.441000340195791
0.154509067766894	0.0289541162362231
2.75580772001712	0.763760469153332
2.75580772001712	0.763760469153332
1.95988292961267	0.441702177751728
0.948905461162112	0.248586345985544
0.155111385030128	0.0290417527313876
0.13571412709247	0.0450530753488282
0.155111385030128	0.0290417527313876
0.156070095129669	0.0391676647119387
0.160221796316651	0.0401166927693931
1.95786695174359	0.441149378722158
1.95786695174359	0.441149378722158
1.95786695174359	0.441149378722158
-1.79839614394125	0.382877807711208
1.95786695174359	0.441149378722158
1.95731570776637	0.441000340195791
1.95786695174359	0.441149378722158
-2.57963910438406	0.659061212358043
3.63331351050508	1.42008896661082
0.94820175004088	0.248479682375772
1.44899109330448	0.477667123734845
1.95786695174359	0.441149378722158
1.44922258720914	0.477763268309402
1.95731570776637	0.441000340195791
0.155111385030128	0.0290417527313876
0.152050960400409	0.028630259939513
1.95786695174359	0.441149378722158
-2.5766529574574	0.657773148602288
1.95786695174359	0.441149378722158
0.157370411029726	0.0293708256249034
1.95731570776637	0.441000340195791
1.95988292961267	0.441702177751728
0.155111385030128	0.0290417527313876
1.95731570776637	0.441000340195791
1.95786695174359	0.441149378722158
1.95731570776637	0.441000340195791
0.155111385030128	0.0290417527313876
2.75868832531345	0.765017792149168
0.154509067766894	0.0289541162362231
-0.628733247343677	0.151688343674084
0.152050960400409	0.028630259939513
1.95786695174359	0.441149378722158
1.95786695174359	0.441149378722158
1.95988292961267	0.441702177751728
-1.79839614394125	0.382877807711208
-1.79840965860499	0.382877827643389
1.95786695174359	0.441149378722158
1.95786695174359	0.441149378722158
0.948768757521975	0.248549269795159
1.95731570776637	0.441000340195791
1.95786695174359	0.441149378722158
2.75580772001712	0.763760469153332
-1.79840965860499	0.382877827643389
2.75807933893485	0.764710363024488
1.95731570776637	0.441000340195791
0.948905461162112	0.248586345985544
0.658448437247608	0.206865271021461
3.26569824690609	1.10327543173781
-0.626075023442282	0.151167646950723
1.95731570776637	0.441000340195791
2.75520320904554	0.763197913000704
-1.79839614394125	0.382877807711208
1.95731570776637	0.441000340195791
1.95786695174359	0.441149378722158
1.95988292961267	0.441702177751728
0.947635845528227	0.248244973505163
1.44839669376933	0.477459847846965
2.75520320904554	0.763197913000704
1.81886023461405	0.704877804186235
1.95786695174359	0.441149378722158
1.95988292961267	0.441702177751728
-0.628164901903538	0.15157555358925
0.154509067766894	0.0289541162362231
0.154509067766894	0.0289541162362231
-1.79839614394125	0.382877807711208
0.154509067766894	0.0289541162362231
0.947635845528227	0.248244973505163
1.95786695174359	0.441149378722158
0.948337549654709	0.248516516252871
1.95786695174359	0.441149378722158
3.26284822825054	1.10169382604423
-0.354229439997714	0.101697261087168
0.950858461556905	0.2491584305819
2.75520320904554	0.763197913000704
0.155067569950451	0.0290355764553768
-1.80123754984197	0.383647112861273
1.95731570776637	0.441000340195791
-1.79840965860499	0.382877827643389
0.94820175004088	0.248479682375772
1.95988292961267	0.441702177751728
-0.628164901903538	0.15157555358925
1.95786695174359	0.441149378722158
1.95731570776637	0.441000340195791
0.159992352718576	0.0400538861334557
0.16045117802105	0.0401558290866076
1.95786695174359	0.441149378722158
-1.79840965860499	0.382877827643389
2.75520320904554	0.763197913000704
0.155067569950451	0.0290355764553768
0.155111385030128	0.0290417527313876
1.95786695174359	0.441149378722158
2.75641316563256	0.763778311858285
2.75580772001712	0.763760469153332
1.95988292961267	0.441702177751728
2.75580772001712	0.763760469153332
1.95786695174359	0.441149378722158
0.155067569950451	0.0290355764553768
0.154465593370314	0.0289479903375428
1.95786695174359	0.441149378722158
1.8138222857108	0.70292085392477
1.95731570776637	0.441000340195791
2.75580772001712	0.763760469153332
1.95988292961267	0.441702177751728
1.95731570776637	0.441000340195791
1.95731570776637	0.441000340195791
0.155067569950451	0.0290355764553768
0.154465593370314	0.0289479903375428
0.155111385030128	0.0290417527313876
1.95786695174359	0.441149378722158
0.157370411029726	0.0293708256249034
1.95786695174359	0.441149378722158
2.75641316563256	0.763778311858285
0.154465593370314	0.0289479903375428
-1.79840965860499	0.382877827643389
2.75868832531345	0.765017792149168
1.95731570776637	0.441000340195791
1.95731570776637	0.441000340195791
0.157325350109871	0.02936446462458
2.75580772001712	0.763760469153332
0.948905461162112	0.248586345985544
1.95988292961267	0.441702177751728
1.95988292961267	0.441702177751728
0.155111385030128	0.0290417527313876
1.95988292961267	0.441702177751728
0.94820175004088	0.248479682375772
-0.628733247343677	0.151688343674084
1.95988292961267	0.441702177751728
0.154509067766894	0.0289541162362231
0.154509067766894	0.0289541162362231
2.75520320904554	0.763197913000704
2.75580772001712	0.763760469153332
2.75520320904554	0.763197913000704
-1.14171114622793	0.344693702322242
2.75868832531345	0.765017792149168
0.94820175004088	0.248479682375772
0.950858461556905	0.2491584305819
0.155111385030128	0.0290417527313876
-2.57669595250488	0.657559862268914
1.95786695174359	0.441149378722158
1.95786695174359	0.441149378722158
1.95731570776637	0.441000340195791
0.154509067766894	0.0289541162362231
3.26631056571709	1.10328266544307
1.95786695174359	0.441149378722158
1.95786695174359	0.441149378722158
0.155111385030128	0.0290417527313876
-1.79839614394125	0.382877807711208
0.949267656081897	0.24875007792958
1.95731570776637	0.441000340195791
0.154509067766894	0.0289541162362231
1.95786695174359	0.441149378722158
3.26631056571709	1.10328266544307
2.75641316563256	0.763778311858285
0.950426851449918	0.249037516760643
3.26345542626113	1.10199860979414
1.95786695174359	0.441149378722158
1.95786695174359	0.441149378722158
0.660347295989593	0.207462296247491
1.02536243762998	0.382135939817951
1.95786695174359	0.441149378722158
-1.79840965860499	0.382877827643389
1.45391440811699	0.479230213237448
0.159859477622278	0.0400192334307773
3.26569824690609	1.10327543173781
1.95786695174359	0.441149378722158
0.157370411029726	0.0293708256249034
0.154465593370314	0.0289479903375428
1.95731570776637	0.441000340195791
1.95786695174359	0.441149378722158
0.944504519928106	0.247598335656165
1.95786695174359	0.441149378722158
1.95988292961267	0.441702177751728
1.95786695174359	0.441149378722158
1.95786695174359	0.441149378722158
1.95786695174359	0.441149378722158
1.95786695174359	0.441149378722158
1.95786695174359	0.441149378722158
1.95786695174359	0.441149378722158
1.95731570776637	0.441000340195791
2.75641316563256	0.763778311858285
1.95786695174359	0.441149378722158
0.155067569950451	0.0290355764553768
0.152050960400409	0.028630259939513
1.95988292961267	0.441702177751728
0.658157600688591	0.206837664845118
2.75520320904554	0.763197913000704
1.95731570776637	0.441000340195791
1.95786695174359	0.441149378722158
2.75641316563256	0.763778311858285
-0.734528869218703	0.25053149884483
0.155111385030128	0.0290417527313876
1.95786695174359	0.441149378722158
2.75580772001712	0.763760469153332
0.948905461162112	0.248586345985544
1.95731570776637	0.441000340195791
0.154465593370314	0.0289479903375428
1.95786695174359	0.441149378722158
0.15144823932183	0.0285426379557898
1.44899109330448	0.477667123734845
0.157370411029726	0.0293708256249034
1.44922258720914	0.477763268309402
1.95731570776637	0.441000340195791
0.948337549654709	0.248516516252871
1.95731570776637	0.441000340195791
1.95731570776637	0.441000340195791
2.75580772001712	0.763760469153332
0.948337549654709	0.248516516252871
1.95786695174359	0.441149378722158
1.95786695174359	0.441149378722158
1.95731570776637	0.441000340195791
0.950998501270056	0.249196467275389
0.94820175004088	0.248479682375772
1.95988292961267	0.441702177751728
1.95731570776637	0.441000340195791
2.75520320904554	0.763197913000704
1.44509906384746	0.476148552116978
0.947770742439721	0.248281535275256
2.75580772001712	0.763760469153332
1.95786695174359	0.441149378722158
0.659032459281836	0.207041754611057
-1.79840965860499	0.382877827643389
2.75641316563256	0.763778311858285
0.155111385030128	0.0290417527313876
2.75868832531345	0.765017792149168
0.948337549654709	0.248516516252871
1.95786695174359	0.441149378722158
0.155111385030128	0.0290417527313876
1.95786695174359	0.441149378722158
0.154465593370314	0.0289479903375428
1.45415285694275	0.479329377268875
2.75807933893485	0.764710363024488
2.75520320904554	0.763197913000704
0.155111385030128	0.0290417527313876
0.155111385030128	0.0290417527313876
1.95786695174359	0.441149378722158
1.95731570776637	0.441000340195791
0.155111385030128	0.0290417527313876
1.95786695174359	0.441149378722158
0.155111385030128	0.0290417527313876
1.44958631087756	0.477702557005987
2.75641316563256	0.763778311858285
1.95786695174359	0.441149378722158
2.75868832531345	0.765017792149168
-1.79839614394125	0.382877807711208
-1.79840965860499	0.382877827643389
0.155067569950451	0.0290355764553768
0.155111385030128	0.0290417527313876
0.157370411029726	0.0293708256249034
2.75641316563256	0.763778311858285
1.95786695174359	0.441149378722158
0.944504519928106	0.247598335656165
-1.79840965860499	0.382877827643389
-1.79840965860499	0.382877827643389
1.95786695174359	0.441149378722158
1.95786695174359	0.441149378722158
0.94820175004088	0.248479682375772
-2.57968420714322	0.659073447553718
0.154509067766894	0.0289541162362231
2.75641316563256	0.763778311858285
1.95786695174359	0.441149378722158
2.75580772001712	0.763760469153332
0.154509067766894	0.0289541162362231
0.15144823932183	0.0285426379557898
2.75520320904554	0.763197913000704
1.95786695174359	0.441149378722158
1.95731570776637	0.441000340195791
1.95731570776637	0.441000340195791
1.95786695174359	0.441149378722158
3.26345542626113	1.10199860979414
1.95786695174359	0.441149378722158
1.95988292961267	0.441702177751728
1.44725524543057	0.476951096350534
1.95731570776637	0.441000340195791
1.95786695174359	0.441149378722158
-2.5766529574574	0.657773148602288
1.95786695174359	0.441149378722158
1.95786695174359	0.441149378722158
2.75580772001712	0.763760469153332
0.94820175004088	0.248479682375772
0.154509067766894	0.0289541162362231
0.15963091503218	0.0399802605532864
0.155067569950451	0.0290355764553768
0.154509067766894	0.0289541162362231
2.75641316563256	0.763778311858285
1.95988292961267	0.441702177751728
1.45114635521655	0.478471348903038
1.44981862951738	0.477799018830262
1.44922258720914	0.477763268309402
0.657866689740957	0.206670742493303
0.94820175004088	0.248479682375772
1.95786695174359	0.441149378722158
0.657864503304789	0.206616146564203
0.94820175004088	0.248479682375772
1.95786695174359	0.441149378722158
0.155111385030128	0.0290417527313876
1.4480329582247	0.477161868008032
0.154509067766894	0.0289541162362231
1.95731570776637	0.441000340195791
2.75868832531345	0.765017792149168
1.95731570776637	0.441000340195791
2.75520320904554	0.763197913000704
2.75520320904554	0.763197913000704
1.95786695174359	0.441149378722158
3.26345542626113	1.10199860979414
1.02271178737872	0.381316878019672
-1.79840965860499	0.382877827643389
0.157370411029726	0.0293708256249034
2.75580772001712	0.763760469153332
1.95731570776637	0.441000340195791
1.95786695174359	0.441149378722158
1.95988292961267	0.441702177751728
1.95731570776637	0.441000340195791
1.95786695174359	0.441149378722158
1.02685010343664	0.383062880383657
2.75580772001712	0.763760469153332
0.94820175004088	0.248479682375772
1.95786695174359	0.441149378722158
1.95988292961267	0.441702177751728
1.95786695174359	0.441149378722158
1.95786695174359	0.441149378722158
1.95731570776637	0.441000340195791
-0.628867026021838	0.151670609188118
3.26345542626113	1.10199860979414
1.81264504950119	0.702404900566408
1.95786695174359	0.441149378722158
3.26284822825054	1.10169382604423
1.95731570776637	0.441000340195791
1.95731570776637	0.441000340195791
0.944504519928106	0.247598335656165
1.95786695174359	0.441149378722158
1.44862736407577	0.477555630338169
1.95731570776637	0.441000340195791
1.95786695174359	0.441149378722158
-2.5766529574574	0.657773148602288
0.154465593370314	0.0289479903375428
1.95731570776637	0.441000340195791
2.75868832531345	0.765017792149168
3.26569824690609	1.10327543173781
1.95731570776637	0.441000340195791
1.95786695174359	0.441149378722158
1.95786695174359	0.441149378722158
0.950426851449918	0.249037516760643
1.04343768989806	0.495346760546714
3.26345542626113	1.10199860979414
