group	x	y	showSelected1
275	30	24	65
1	80	24	65
1	80	24	5
2	80	74	65
2	80	74	5
169	130	74	5
169	130	74	65
168	130	124	5
236	180	124	5
237	180	174	5
242	230	174	5
243	230	224	5
243	230	224	65
248	280	224	65
248	280	224	5
249	280	274	65
249	280	274	281
255	330	274	281
255	330	274	65
255	330	274	140
256	330	324	281
256	330	324	140
263	380	324	281
263	380	324	140
263	380	324	36
264	380	374	36
272	430	374	36
272	430	374	195
272	430	374	135
272	430	374	397
272	430	374	431
273	430	424	36
273	430	424	135
283	480	424	36
283	480	424	135
283	480	424	321
283	480	424	33
283	480	424	396
283	480	424	397
284	480	474	135
284	480	474	33
284	480	474	15
294	530	474	15
294	530	474	39
294	530	474	33
294	530	474	467
294	530	474	135
294	530	474	365
294	530	474	222
294	530	474	356
294	530	474	68
296	530	524	39
296	530	524	15
307	580	524	15
307	580	524	62
307	580	524	149
307	580	524	39
307	580	524	250
307	580	524	166
307	580	524	155
307	580	524	275
308	580	574	62
308	580	574	15
308	580	574	3
308	580	574	86
308	580	574	149
308	580	574	299
320	630	574	3
320	630	574	86
320	630	574	423
320	630	574	404
320	630	574	198
320	630	574	149
320	630	574	15
320	630	574	319
320	630	574	22
320	630	574	249
320	630	574	81
320	630	574	392
320	630	574	335
321	630	624	86
321	630	624	198
321	630	624	403
334	680	624	403
334	680	624	4
334	680	624	7
334	680	624	198
334	680	624	86
334	680	624	432
334	680	624	3
334	680	624	81
334	680	624	77
334	680	624	61
335	680	674	7
335	680	674	4
335	680	674	32
335	680	674	432
349	730	674	32
349	730	674	357
349	730	674	7
349	730	674	4
349	730	674	422
349	730	674	80
350	730	724	7
350	730	724	4
365	780	724	7
365	780	724	4
365	780	724	138
366	780	774	4
366	780	774	7
382	830	774	4
382	830	774	7
382	830	774	203
382	830	774	136
383	830	824	4
383	830	824	7
383	830	824	203
400	880	824	4
400	880	824	7
400	880	824	288
400	880	824	203
400	880	824	173
401	880	874	7
401	880	874	4
401	880	874	288
419	930	874	4
419	930	874	7
419	930	874	332
419	930	874	288
419	930	874	85
420	930	924	4
420	930	924	7
21	980	924	7
21	980	924	4
22	980	974	7
22	980	974	4
42	1030	974	7
42	1030	974	4
167	130	24	65
167	130	24	5
238	180	74	5
238	180	74	65
241	230	124	5
241	230	124	65
247	280	174	5
247	280	174	65
254	330	224	65
254	330	224	281
254	330	224	140
254	330	224	5
254	330	224	36
262	380	274	281
262	380	274	140
262	380	274	36
271	430	324	36
271	430	324	195
271	430	324	140
271	430	324	16
282	480	374	36
282	480	374	135
282	480	374	397
282	480	374	431
282	480	374	215
282	480	374	472
293	530	424	33
293	530	424	135
293	530	424	15
293	530	424	36
293	530	424	356
293	530	424	68
293	530	424	187
305	580	474	15
305	580	474	39
305	580	474	365
305	580	474	250
305	580	474	155
305	580	474	28
305	580	474	356
305	580	474	68
305	580	474	275
319	630	524	15
319	630	524	149
319	630	524	249
319	630	524	86
319	630	524	146
319	630	524	22
319	630	524	166
319	630	524	275
319	630	524	335
319	630	524	155
319	630	524	205
319	630	524	473
319	630	524	82
333	680	574	3
333	680	574	86
333	680	574	403
333	680	574	81
333	680	574	22
333	680	574	392
333	680	574	7
333	680	574	77
333	680	574	148
333	680	574	457
333	680	574	61
333	680	574	359
333	680	574	4
333	680	574	122
333	680	574	150
333	680	574	273
333	680	574	69
348	730	624	7
348	730	624	4
348	730	624	432
348	730	624	344
348	730	624	80
348	730	624	422
348	730	624	447
348	730	624	95
348	730	624	441
348	730	624	61
348	730	624	427
364	780	674	4
364	780	674	7
364	780	674	138
364	780	674	131
381	830	724	7
381	830	724	4
381	830	724	138
381	830	724	89
381	830	724	245
381	830	724	154
399	880	774	203
399	880	774	4
399	880	774	7
399	880	774	136
399	880	774	173
399	880	774	123
418	930	824	7
418	930	824	4
418	930	824	288
418	930	824	173
418	930	824	85
418	930	824	169
20	980	874	4
20	980	874	7
20	980	874	332
20	980	874	85
20	980	874	408
41	1030	924	4
41	1030	924	7
41	1030	924	464
235	180	24	5
235	180	24	65
246	280	124	5
246	280	124	65
261	380	224	140
261	380	224	281
261	380	224	36
261	380	224	65
281	480	324	36
281	480	324	195
281	480	324	431
281	480	324	16
304	580	424	68
304	580	424	356
304	580	424	15
304	580	424	271
304	580	424	28
304	580	424	194
304	580	424	187
304	580	424	78
332	680	524	22
332	680	524	473
332	680	524	268
332	680	524	69
332	680	524	82
332	680	524	273
332	680	524	241
332	680	524	24
332	680	524	430
363	780	624	7
363	780	624	4
363	780	624	80
363	780	624	441
363	780	624	95
363	780	624	224
363	780	624	427
363	780	624	105
363	780	624	131
363	780	624	286
363	780	624	336
363	780	624	385
363	780	624	451
244	230	74	5
244	230	74	65
253	330	174	5
253	330	174	65
253	330	174	281
253	330	174	36
270	430	274	140
270	430	274	36
270	430	274	16
292	530	374	135
292	530	374	36
292	530	374	68
292	530	374	472
292	530	374	187
292	530	374	16
347	730	574	7
347	730	574	4
347	730	574	77
347	730	574	61
347	730	574	95
347	730	574	150
347	730	574	427
347	730	574	22
347	730	574	311
398	880	724	4
398	880	724	7
398	880	724	154
398	880	724	123
398	880	724	253
398	880	724	429
398	880	724	390
398	880	724	124
398	880	724	407
417	930	774	4
417	930	774	7
417	930	774	169
19	980	824	7
19	980	824	4
19	980	824	85
19	980	824	408
19	980	824	401
19	980	824	177
317	630	474	155
317	630	474	15
317	630	474	275
317	630	474	22
317	630	474	166
317	630	474	82
317	630	474	28
380	830	674	7
380	830	674	4
380	830	674	131
380	830	674	89
380	830	674	124
380	830	674	285
380	830	674	337
40	1030	874	4
40	1030	874	7
40	1030	874	133
61	1080	924	7
61	1080	924	4
240	230	24	5
240	230	24	65
250	280	74	65
250	280	74	5
252	330	124	5
252	330	124	65
252	330	124	36
260	380	174	65
260	380	174	36
260	380	174	117
269	430	224	36
269	430	224	140
269	430	224	16
280	480	274	16
280	480	274	36
280	480	274	56
303	580	374	187
303	580	374	68
303	580	374	16
303	580	374	259
303	580	374	23
316	630	424	28
316	630	424	78
316	630	424	22
316	630	424	187
316	630	424	362
316	630	424	68
316	630	424	176
330	680	474	22
330	680	474	15
330	680	474	24
330	680	474	114
330	680	474	229
330	680	474	377
346	730	524	22
346	730	524	241
346	730	524	7
346	730	524	69
346	730	524	311
346	730	524	24
346	730	524	61
346	730	524	430
346	730	524	137
346	730	524	66
362	780	574	427
362	780	574	95
362	780	574	61
362	780	574	7
362	780	574	336
362	780	574	105
362	780	574	286
362	780	574	181
362	780	574	451
362	780	574	262
379	830	624	131
379	830	624	7
379	830	624	4
379	830	624	105
379	830	624	385
379	830	624	226
379	830	624	406
379	830	624	450
416	930	724	4
416	930	724	7
416	930	724	123
416	930	724	188
18	980	774	4
18	980	774	7
39	1030	824	7
39	1030	824	4
39	1030	824	177
60	1080	874	7
60	1080	874	4
60	1080	874	133
291	530	324	36
291	530	324	16
291	530	324	68
291	530	324	56
397	880	674	4
397	880	674	124
397	880	674	7
397	880	674	285
397	880	674	132
245	280	24	65
245	280	24	5
259	380	124	65
259	380	124	36
259	380	124	117
279	480	224	16
279	480	224	36
279	480	224	56
302	580	324	16
302	580	324	56
302	580	324	187
302	580	324	466
302	580	324	68
302	580	324	23
302	580	324	438
302	580	324	19
329	680	424	22
329	680	424	28
329	680	424	24
329	680	424	157
361	780	524	7
361	780	524	61
361	780	524	24
361	780	524	137
361	780	524	338
361	780	524	2
361	780	524	167
361	780	524	202
361	780	524	48
361	780	524	330
396	880	624	7
396	880	624	4
396	880	624	450
396	880	624	61
396	880	624	239
396	880	624	418
59	1080	824	4
59	1080	824	7
257	330	74	65
257	330	74	5
257	330	74	36
268	430	174	36
268	430	174	117
290	530	274	36
290	530	274	16
290	530	274	56
315	630	374	187
315	630	374	78
315	630	374	68
315	630	374	28
315	630	374	176
315	630	374	22
315	630	374	23
415	930	674	4
415	930	674	7
415	930	674	132
415	930	674	255
17	980	724	7
17	980	724	4
17	980	724	188
17	980	724	448
17	980	724	185
344	730	474	24
344	730	474	22
344	730	474	430
344	730	474	66
344	730	474	2
344	730	474	395
344	730	474	137
344	730	474	76
344	730	474	197
378	830	574	7
378	830	574	105
378	830	574	451
378	830	574	61
378	830	574	406
378	830	574	175
378	830	574	450
378	830	574	4
378	830	574	350
378	830	574	206
378	830	574	353
38	1030	774	4
38	1030	774	7
38	1030	774	462
79	1130	874	7
79	1130	874	4
251	330	24	5
251	330	24	65
251	330	24	36
251	330	24	417
265	380	74	36
265	380	74	117
265	380	74	65
267	430	124	117
267	430	124	36
278	480	174	36
278	480	174	16
278	480	174	117
289	530	224	56
289	530	224	16
289	530	224	36
301	580	274	16
301	580	274	56
301	580	274	19
314	630	324	68
314	630	324	23
314	630	324	375
314	630	324	22
314	630	324	438
314	630	324	56
314	630	324	19
328	680	374	22
328	680	374	28
328	680	374	23
328	680	374	305
343	730	424	24
343	730	424	22
343	730	424	183
343	730	424	76
343	730	424	157
343	730	424	197
343	730	424	119
343	730	424	474
343	730	424	53
359	780	474	24
359	780	474	2
359	780	474	48
359	780	474	76
359	780	474	459
359	780	474	395
359	780	474	167
359	780	474	139
359	780	474	196
377	830	524	7
377	830	524	61
377	830	524	202
377	830	524	338
377	830	524	330
377	830	524	2
377	830	524	11
377	830	524	378
395	880	574	450
395	880	574	4
395	880	574	7
395	880	574	206
395	880	574	61
395	880	574	266
395	880	574	418
395	880	574	444
395	880	574	393
395	880	574	11
395	880	574	316
16	980	674	4
16	980	674	7
16	980	674	188
16	980	674	324
16	980	674	10
16	980	674	185
16	980	674	308
16	980	674	180
37	1030	724	4
37	1030	724	7
37	1030	724	462
37	1030	724	185
37	1030	724	51
78	1130	824	4
78	1130	824	7
414	930	624	7
414	930	624	4
414	930	624	61
414	930	624	10
414	930	624	298
414	930	624	11
414	930	624	159
58	1080	774	4
58	1080	774	7
58	1080	774	210
258	380	24	36
258	380	24	65
258	380	24	417
277	480	124	117
277	480	124	36
277	480	124	16
277	480	124	179
300	580	224	56
300	580	224	16
327	680	324	23
327	680	324	19
327	680	324	305
327	680	324	463
358	780	424	76
358	780	424	197
358	780	424	22
358	780	424	214
358	780	424	474
358	780	424	53
358	780	424	2
358	780	424	307
358	780	424	236
358	780	424	9
394	880	524	7
394	880	524	61
394	880	524	11
394	880	524	393
394	880	524	2
394	880	524	316
394	880	524	444
394	880	524	202
394	880	524	310
394	880	524	160
394	880	524	449
15	980	624	4
15	980	624	7
15	980	624	10
15	980	624	308
15	980	624	324
15	980	624	180
15	980	624	11
15	980	624	159
15	980	624	391
274	430	74	117
274	430	74	36
288	530	174	16
288	530	174	36
288	530	174	56
313	630	274	56
313	630	274	19
313	630	274	23
313	630	274	16
342	730	374	22
342	730	374	157
342	730	374	23
342	730	374	383
342	730	374	305
342	730	374	53
342	730	374	303
342	730	374	463
342	730	374	228
342	730	374	339
342	730	374	9
342	730	374	75
375	830	474	2
375	830	474	167
375	830	474	139
375	830	474	330
375	830	474	378
375	830	474	202
375	830	474	196
375	830	474	426
375	830	474	236
375	830	474	30
413	930	574	61
413	930	574	7
413	930	574	4
413	930	574	11
413	930	574	420
413	930	574	393
413	930	574	159
57	1080	724	4
57	1080	724	7
57	1080	724	118
57	1080	724	51
57	1080	724	27
77	1130	774	4
77	1130	774	7
36	1030	674	185
36	1030	674	4
36	1030	674	7
36	1030	674	51
36	1030	674	180
96	1180	824	4
96	1180	824	7
266	430	24	36
266	430	24	117
285	480	74	117
285	480	74	36
285	480	74	179
287	530	124	16
287	530	124	36
287	530	124	179
287	530	124	358
299	580	174	16
299	580	174	36
299	580	174	56
299	580	174	179
312	630	224	56
312	630	224	16
312	630	224	19
312	630	224	36
326	680	274	19
326	680	274	36
341	730	324	23
341	730	324	463
341	730	324	305
341	730	324	9
341	730	324	19
341	730	324	228
341	730	324	130
357	780	374	53
357	780	374	22
357	780	374	303
357	780	374	75
357	780	374	339
357	780	374	9
357	780	374	300
357	780	374	30
374	830	424	2
374	830	424	76
374	830	424	236
374	830	424	30
374	830	424	307
374	830	424	9
374	830	424	380
374	830	424	379
392	880	474	2
392	880	474	202
392	880	474	11
392	880	474	30
392	880	474	449
392	880	474	387
392	880	474	322
392	880	474	100
392	880	474	18
392	880	474	348
412	930	524	393
412	930	524	11
412	930	524	61
412	930	524	160
412	930	524	7
412	930	524	227
412	930	524	2
412	930	524	367
412	930	524	251
412	930	524	6
412	930	524	374
412	930	524	84
14	980	574	11
14	980	574	159
14	980	574	180
14	980	574	391
14	980	574	7
14	980	574	61
14	980	574	368
14	980	574	4
14	980	574	282
14	980	574	121
14	980	574	6
14	980	574	172
35	1030	624	51
35	1030	624	7
35	1030	624	4
35	1030	624	180
35	1030	624	10
35	1030	624	11
35	1030	624	189
35	1030	624	443
35	1030	624	371
56	1080	674	7
56	1080	674	51
56	1080	674	4
56	1080	674	27
56	1080	674	189
76	1130	724	7
76	1130	724	4
76	1130	724	27
76	1130	724	165
76	1130	724	290
76	1130	724	297
95	1180	774	4
95	1180	774	7
95	1180	774	165
276	480	24	36
276	480	24	117
276	480	24	179
298	580	124	36
298	580	124	16
298	580	124	179
298	580	124	358
298	580	124	44
325	680	224	19
325	680	224	16
325	680	224	36
391	880	424	2
391	880	424	30
391	880	424	18
391	880	424	387
391	880	424	379
391	880	424	348
391	880	424	364
391	880	424	100
391	880	424	306
55	1080	624	7
55	1080	624	4
55	1080	624	189
55	1080	624	11
55	1080	624	371
94	1180	724	4
94	1180	724	7
94	1180	724	165
295	530	74	36
295	530	74	179
295	530	74	358
311	630	174	16
311	630	174	36
340	730	274	19
340	730	274	36
340	730	274	130
340	730	274	436
356	780	324	9
356	780	324	75
356	780	324	130
356	780	324	30
356	780	324	19
356	780	324	465
373	830	374	9
373	830	374	30
373	830	374	379
373	830	374	465
410	930	474	449
410	930	474	2
410	930	474	251
410	930	474	84
410	930	474	11
410	930	474	100
410	930	474	6
410	930	474	18
410	930	474	348
410	930	474	306
410	930	474	351
410	930	474	314
410	930	474	323
13	980	524	61
13	980	524	7
13	980	524	11
13	980	524	367
13	980	524	374
13	980	524	227
13	980	524	6
13	980	524	4
13	980	524	282
13	980	524	84
13	980	524	172
13	980	524	161
13	980	524	260
13	980	524	134
34	1030	574	4
34	1030	574	7
34	1030	574	11
34	1030	574	371
34	1030	574	172
34	1030	574	6
34	1030	574	213
34	1030	574	121
75	1130	674	7
75	1130	674	4
75	1130	674	290
75	1130	674	189
75	1130	674	460
75	1130	674	388
112	1230	774	7
112	1230	774	4
286	530	24	179
286	530	24	36
286	530	24	117
286	530	24	44
306	580	74	358
306	580	74	179
306	580	74	36
306	580	74	44
310	630	124	16
310	630	124	36
310	630	124	44
310	630	124	179
324	680	174	16
324	680	174	36
324	680	174	19
339	730	224	36
339	730	224	19
339	730	224	436
339	730	224	30
339	730	224	44
355	780	274	130
355	780	274	19
355	780	274	30
355	780	274	108
372	830	324	9
372	830	324	465
372	830	324	30
372	830	324	19
372	830	324	110
372	830	324	411
390	880	374	379
390	880	374	30
390	880	374	18
390	880	374	143
390	880	374	110
390	880	374	433
390	880	374	1
409	930	424	348
409	930	424	18
409	930	424	100
409	930	424	306
409	930	424	30
409	930	424	351
409	930	424	314
409	930	424	313
409	930	424	355
409	930	424	1
409	930	424	323
409	930	424	327
409	930	424	193
11	980	474	6
11	980	474	84
11	980	474	2
11	980	474	100
11	980	474	260
11	980	474	134
11	980	474	323
11	980	474	325
11	980	474	1
11	980	474	8
33	1030	524	6
33	1030	524	172
33	1030	524	349
33	1030	524	121
33	1030	524	4
33	1030	524	213
33	1030	524	161
33	1030	524	428
33	1030	524	347
33	1030	524	134
33	1030	524	274
33	1030	524	72
74	1130	624	7
74	1130	624	4
74	1130	624	388
74	1130	624	189
74	1130	624	246
74	1130	624	37
93	1180	674	7
93	1180	674	4
93	1180	674	45
93	1180	674	247
54	1080	574	4
54	1080	574	7
54	1080	574	371
54	1080	574	11
54	1080	574	382
54	1080	574	50
54	1080	574	121
54	1080	574	37
54	1080	574	400
54	1080	574	184
54	1080	574	25
111	1230	724	4
111	1230	724	7
297	580	24	36
297	580	24	44
323	680	124	36
323	680	124	19
323	680	124	44
354	780	224	19
354	780	224	108
354	780	224	30
354	780	224	44
389	880	324	30
389	880	324	110
389	880	324	411
389	880	324	200
389	880	324	1
10	980	424	323
10	980	424	100
10	980	424	1
10	980	424	6
10	980	424	325
10	980	424	8
10	980	424	18
10	980	424	43
10	980	424	26
10	980	424	326
10	980	424	421
53	1080	524	121
53	1080	524	428
53	1080	524	4
53	1080	524	7
53	1080	524	37
53	1080	524	72
53	1080	524	25
53	1080	524	274
53	1080	524	470
53	1080	524	6
318	630	74	179
318	630	74	44
318	630	74	36
338	730	174	19
338	730	174	36
338	730	174	30
338	730	174	44
371	830	274	30
371	830	274	19
371	830	274	411
371	830	274	108
371	830	274	109
408	930	374	18
408	930	374	327
408	930	374	1
408	930	374	30
408	930	374	193
408	930	374	26
31	1030	474	6
31	1030	474	134
31	1030	474	161
31	1030	474	121
31	1030	474	8
31	1030	474	280
31	1030	474	1
31	1030	474	208
73	1130	574	7
73	1130	574	4
73	1130	574	37
73	1130	574	50
73	1130	574	184
73	1130	574	263
92	1180	624	4
92	1180	624	7
92	1180	624	45
92	1180	624	247
92	1180	624	201
92	1180	624	37
92	1180	624	12
110	1230	674	4
110	1230	674	7
127	1280	724	4
127	1280	724	7
127	1280	724	240
309	630	24	36
309	630	24	44
331	680	74	44
331	680	74	36
331	680	74	115
337	730	124	36
337	730	124	44
337	730	124	30
353	780	174	30
353	780	174	19
353	780	174	44
353	780	174	36
353	780	174	415
353	780	174	108
370	830	224	108
370	830	224	30
370	830	224	147
370	830	224	109
370	830	224	1
388	880	274	411
388	880	274	30
388	880	274	1
388	880	274	109
388	880	274	200
388	880	274	111
407	930	324	30
407	930	324	1
407	930	324	26
407	930	324	216
9	980	374	18
9	980	374	26
9	980	374	1
9	980	374	301
30	1030	424	8
30	1030	424	1
30	1030	424	18
30	1030	424	326
30	1030	424	257
30	1030	424	43
30	1030	424	134
30	1030	424	6
30	1030	424	421
30	1030	424	208
30	1030	424	301
51	1080	474	121
51	1080	474	6
51	1080	474	113
51	1080	474	37
51	1080	474	134
51	1080	474	25
51	1080	474	208
51	1080	474	1
72	1130	524	37
72	1130	524	25
72	1130	524	50
72	1130	524	263
72	1130	524	158
72	1130	524	199
91	1180	574	4
91	1180	574	7
91	1180	574	37
91	1180	574	45
91	1180	574	50
91	1180	574	201
91	1180	574	12
91	1180	574	398
91	1180	574	242
109	1230	624	7
109	1230	624	4
109	1230	624	45
109	1230	624	201
109	1230	624	12
109	1230	624	412
126	1280	674	7
126	1280	674	4
126	1280	674	240
322	680	24	44
322	680	24	36
322	680	24	115
322	680	24	106
352	780	124	44
352	780	124	30
352	780	124	60
387	880	224	109
387	880	224	30
387	880	224	1
387	880	224	108
8	980	324	1
8	980	324	26
8	980	324	99
8	980	324	270
90	1180	524	37
90	1180	524	50
90	1180	524	256
90	1180	524	7
90	1180	524	242
90	1180	524	304
90	1180	524	94
345	730	74	44
345	730	74	115
345	730	74	30
345	730	74	60
369	830	174	30
369	830	174	108
369	830	174	415
369	830	174	60
369	830	174	343
406	930	274	1
406	930	274	111
29	1030	374	1
29	1030	374	301
29	1030	374	329
29	1030	374	142
29	1030	374	218
29	1030	374	128
29	1030	374	191
50	1080	424	6
50	1080	424	208
50	1080	424	1
50	1080	424	113
50	1080	424	419
50	1080	424	293
50	1080	424	156
50	1080	424	416
50	1080	424	220
50	1080	424	31
50	1080	424	231
50	1080	424	209
50	1080	424	58
70	1130	474	25
70	1130	474	158
70	1130	474	37
70	1130	474	50
70	1130	474	279
70	1130	474	1
70	1130	474	220
70	1130	474	315
70	1130	474	101
70	1130	474	94
108	1230	574	201
108	1230	574	45
108	1230	574	4
108	1230	574	12
108	1230	574	7
108	1230	574	361
108	1230	574	434
108	1230	574	242
108	1230	574	412
108	1230	574	50
108	1230	574	31
125	1280	624	7
125	1280	624	4
125	1280	624	334
125	1280	624	12
125	1280	624	412
125	1280	624	59
125	1280	624	152
141	1330	674	7
141	1330	674	4
336	730	24	44
336	730	24	115
360	780	74	30
360	780	74	44
360	780	74	60
368	830	124	30
368	830	124	60
368	830	124	294
386	880	174	30
386	880	174	1
386	880	174	343
386	880	174	60
405	930	224	1
405	930	224	30
405	930	224	111
7	980	274	1
7	980	274	99
7	980	274	111
28	1030	324	1
28	1030	324	329
28	1030	324	218
28	1030	324	142
28	1030	324	270
28	1030	324	191
28	1030	324	31
49	1080	374	1
49	1080	374	128
49	1080	374	293
49	1080	374	209
49	1080	374	31
49	1080	374	142
49	1080	374	191
49	1080	374	435
49	1080	374	468
69	1130	424	1
69	1130	424	220
69	1130	424	231
69	1130	424	416
69	1130	424	58
69	1130	424	25
69	1130	424	31
69	1130	424	94
69	1130	424	232
69	1130	424	248
88	1180	474	37
88	1180	474	50
88	1180	474	101
88	1180	474	94
88	1180	474	252
88	1180	474	25
107	1230	524	7
107	1230	524	242
107	1230	524	50
107	1230	524	12
107	1230	524	94
107	1230	524	31
107	1230	524	254
107	1230	524	67
107	1230	524	267
124	1280	574	7
124	1280	574	12
124	1280	574	201
124	1280	574	59
124	1280	574	334
124	1280	574	31
124	1280	574	413
124	1280	574	67
140	1330	624	7
140	1330	624	4
140	1330	624	152
140	1330	624	59
140	1330	624	238
351	780	24	44
351	780	24	60
351	780	24	115
385	880	124	30
385	880	124	60
385	880	124	170
385	880	124	1
6	980	224	1
6	980	224	30
6	980	224	54
48	1080	324	191
48	1080	324	142
48	1080	324	31
48	1080	324	1
48	1080	324	34
48	1080	324	38
87	1180	424	25
87	1180	424	94
87	1180	424	1
87	1180	424	163
87	1180	424	101
87	1180	424	58
87	1180	424	204
87	1180	424	31
87	1180	424	442
123	1280	524	12
123	1280	524	31
123	1280	524	67
123	1280	524	254
123	1280	524	366
123	1280	524	394
123	1280	524	267
123	1280	524	59
123	1280	524	7
123	1280	524	389
123	1280	524	284
123	1280	524	96
123	1280	524	354
376	830	74	60
376	830	74	294
376	830	74	30
376	830	74	44
376	830	74	207
404	930	174	1
404	930	174	30
404	930	174	171
27	1030	274	1
27	1030	274	54
68	1130	374	31
68	1130	374	248
68	1130	374	468
68	1130	374	435
68	1130	374	58
68	1130	374	1
68	1130	374	34
68	1130	374	221
68	1130	374	71
68	1130	374	57
105	1230	474	94
105	1230	474	50
105	1230	474	31
105	1230	474	101
105	1230	474	267
105	1230	474	254
105	1230	474	384
105	1230	474	192
105	1230	474	217
139	1330	574	7
139	1330	574	59
139	1330	574	152
139	1330	574	261
154	1380	624	59
154	1380	624	7
154	1380	624	152
367	830	24	60
367	830	24	44
367	830	24	207
393	880	74	30
393	880	74	60
393	880	74	294
393	880	74	207
393	880	74	44
403	930	124	30
403	930	124	1
5	980	174	1
5	980	174	30
5	980	174	54
5	980	174	171
26	1030	224	1
26	1030	224	54
47	1080	274	1
47	1080	274	31
47	1080	274	54
47	1080	274	38
67	1130	324	31
67	1130	324	34
67	1130	324	38
67	1130	324	57
86	1180	374	31
86	1180	374	221
86	1180	374	1
86	1180	374	71
86	1180	374	265
86	1180	374	57
86	1180	374	442
86	1180	374	34
86	1180	374	424
86	1180	374	243
86	1180	374	399
104	1230	424	101
104	1230	424	94
104	1230	424	31
104	1230	424	116
104	1230	424	442
104	1230	424	17
104	1230	424	340
121	1280	474	254
121	1280	474	31
121	1280	474	217
121	1280	474	192
121	1280	474	67
121	1280	474	354
121	1280	474	91
121	1280	474	96
121	1280	474	410
121	1280	474	94
121	1280	474	453
121	1280	474	59
121	1280	474	151
121	1280	474	42
121	1280	474	302
138	1330	524	7
138	1330	524	59
138	1330	524	284
138	1330	524	456
138	1330	524	261
138	1330	524	42
138	1330	524	67
138	1330	524	370
153	1380	574	59
153	1380	574	7
153	1380	574	320
153	1380	574	98
153	1380	574	381
153	1380	574	223
153	1380	574	211
153	1380	574	29
153	1380	574	141
384	880	24	60
384	880	24	207
384	880	24	44
384	880	24	452
4	980	124	171
4	980	124	1
4	980	124	107
46	1080	224	54
46	1080	224	1
46	1080	224	38
85	1180	324	57
85	1180	324	34
85	1180	324	31
85	1180	324	369
120	1280	424	94
120	1280	424	31
120	1280	424	151
120	1280	424	217
120	1280	424	340
120	1280	424	120
120	1280	424	17
120	1280	424	87
152	1380	524	59
152	1380	524	7
152	1380	524	373
152	1380	524	331
152	1380	524	42
152	1380	524	223
152	1380	524	370
152	1380	524	141
152	1380	524	29
152	1380	524	211
152	1380	524	317
152	1380	524	225
152	1380	524	352
411	930	74	30
411	930	74	60
411	930	74	44
411	930	74	1
25	1030	174	54
25	1030	174	1
25	1030	174	35
25	1030	174	237
66	1130	274	31
66	1130	274	38
66	1130	274	34
103	1230	374	442
103	1230	374	31
103	1230	374	243
103	1230	374	372
103	1230	374	17
103	1230	374	409
136	1330	474	59
136	1330	474	42
136	1330	474	7
136	1330	474	67
136	1330	474	318
136	1330	474	471
136	1330	474	151
136	1330	474	370
136	1330	474	302
136	1330	474	145
136	1330	474	88
166	1430	574	211
166	1430	574	29
402	930	24	44
402	930	24	30
402	930	24	452
12	980	74	30
12	980	74	1
12	980	74	60
12	980	74	107
12	980	74	44
12	980	74	125
24	1030	124	1
24	1030	124	107
24	1030	124	237
24	1030	124	35
24	1030	124	54
24	1030	124	44
45	1080	174	54
45	1080	174	35
45	1080	174	38
65	1130	224	38
65	1130	224	31
65	1130	224	54
84	1180	274	34
84	1180	274	31
84	1180	274	38
84	1180	274	369
84	1180	274	289
102	1230	324	31
102	1230	324	34
102	1230	324	17
102	1230	324	369
102	1230	324	409
119	1280	374	17
119	1280	374	31
119	1280	374	87
119	1280	374	46
119	1280	374	151
119	1280	374	409
119	1280	374	309
135	1330	424	151
135	1330	424	302
135	1330	424	42
135	1330	424	88
135	1330	424	120
135	1330	424	295
135	1330	424	74
150	1380	474	42
150	1380	474	370
150	1380	474	317
150	1380	474	145
150	1380	474	164
150	1380	474	7
150	1380	474	151
150	1380	474	88
150	1380	474	79
150	1380	474	70
150	1380	474	269
150	1380	474	235
165	1430	524	141
165	1430	524	7
165	1430	524	29
165	1430	524	211
165	1430	524	225
165	1430	524	352
165	1430	524	219
165	1430	524	42
165	1430	524	439
165	1430	524	341
165	1430	524	376
165	1430	524	269
165	1430	524	129
3	980	24	44
3	980	24	30
3	980	24	125
44	1080	124	35
44	1080	124	54
44	1080	124	44
83	1180	224	38
83	1180	224	31
83	1180	224	458
83	1180	224	46
118	1280	324	409
118	1280	324	17
118	1280	324	46
118	1280	324	312
118	1280	324	31
118	1280	324	103
149	1380	424	151
149	1380	424	88
149	1380	424	145
149	1380	424	70
149	1380	424	437
149	1380	424	74
149	1380	424	46
149	1380	424	235
149	1380	424	440
149	1380	424	127
149	1380	424	234
32	1030	74	1
32	1030	74	107
32	1030	74	44
64	1130	174	54
64	1130	174	38
64	1130	174	35
64	1130	174	153
64	1130	174	13
64	1130	174	44
101	1230	274	31
101	1230	274	369
101	1230	274	289
101	1230	274	17
101	1230	274	38
101	1230	274	144
101	1230	274	46
134	1330	374	151
134	1330	374	295
134	1330	374	46
134	1330	374	88
134	1330	374	309
163	1430	474	7
163	1430	474	42
163	1430	474	225
163	1430	474	269
163	1430	474	29
163	1430	474	79
163	1430	474	70
163	1430	474	235
163	1430	474	129
163	1430	474	342
163	1430	474	47
180	1480	524	29
180	1480	524	269
23	1030	24	44
23	1030	24	125
52	1080	74	44
52	1080	74	107
63	1130	124	35
63	1130	124	54
63	1130	124	44
63	1130	124	38
63	1130	124	153
82	1180	174	38
82	1180	174	46
82	1180	174	13
82	1180	174	153
100	1230	224	31
100	1230	224	289
100	1230	224	458
100	1230	224	38
100	1230	224	46
100	1230	224	144
100	1230	224	174
100	1230	224	13
117	1280	274	17
117	1280	274	31
117	1280	274	46
117	1280	274	144
133	1330	324	46
133	1330	324	309
133	1330	324	103
133	1330	324	178
133	1330	324	414
133	1330	324	21
133	1330	324	272
133	1330	324	386
148	1380	374	151
148	1380	374	46
148	1380	374	296
148	1380	374	234
148	1380	374	21
148	1380	374	212
162	1430	424	70
162	1430	424	235
162	1430	424	269
162	1430	424	46
162	1430	424	104
162	1430	424	127
162	1430	424	292
162	1430	424	234
162	1430	424	47
178	1480	474	269
178	1480	474	129
178	1480	474	29
178	1480	474	70
178	1480	474	14
178	1480	474	47
178	1480	474	446
43	1080	24	44
81	1180	124	44
81	1180	124	153
81	1180	124	13
81	1180	124	46
116	1280	224	46
116	1280	224	38
116	1280	224	144
116	1280	224	13
147	1380	324	46
147	1380	324	21
147	1380	324	386
147	1380	324	212
147	1380	324	469
177	1480	424	70
177	1480	424	47
177	1480	424	14
177	1480	424	446
177	1480	424	21
177	1480	424	405
71	1130	74	44
99	1230	174	46
99	1230	174	38
99	1230	174	174
99	1230	174	13
132	1330	274	46
132	1330	274	103
132	1330	274	272
132	1330	274	144
132	1330	274	386
132	1330	274	21
132	1330	274	363
161	1430	374	46
161	1430	374	234
161	1430	374	127
161	1430	374	292
161	1430	374	70
161	1430	374	21
161	1430	374	258
161	1430	374	244
161	1430	374	47
161	1430	374	40
161	1430	374	93
161	1430	374	264
189	1530	474	14
62	1130	24	44
89	1180	74	44
89	1180	74	13
98	1230	124	13
98	1230	124	46
98	1230	124	174
115	1280	174	13
115	1280	174	46
115	1280	174	283
131	1330	224	144
131	1330	224	46
131	1330	224	13
131	1330	224	363
131	1330	224	168
131	1330	224	283
146	1380	274	386
146	1380	274	46
146	1380	274	21
160	1430	324	21
160	1430	324	46
160	1430	324	93
176	1480	374	70
176	1480	374	47
176	1480	374	21
176	1480	374	40
176	1480	374	93
176	1480	374	264
176	1480	374	126
188	1530	424	14
188	1530	424	47
188	1530	424	277
188	1530	424	405
188	1530	424	21
188	1530	424	278
188	1530	424	233
80	1180	24	44
80	1180	24	13
114	1280	124	13
114	1280	124	46
114	1280	124	461
145	1380	224	46
145	1380	224	363
145	1380	224	168
145	1380	224	21
145	1380	224	186
175	1480	324	93
175	1480	324	264
175	1480	324	21
175	1480	324	46
175	1480	324	40
175	1480	324	92
175	1480	324	328
175	1480	324	345
175	1480	324	360
106	1230	74	13
106	1230	74	46
106	1230	74	44
106	1230	74	425
130	1330	174	46
130	1330	174	13
130	1330	174	283
130	1330	174	168
130	1330	174	461
159	1430	274	21
159	1430	274	46
159	1430	274	345
159	1430	274	64
187	1530	374	21
187	1530	374	47
187	1530	374	233
187	1530	374	360
187	1530	374	40
187	1530	374	20
187	1530	374	41
198	1580	424	47
198	1580	424	233
97	1230	24	44
97	1230	24	13
97	1230	24	425
122	1280	74	13
122	1280	74	46
122	1280	74	425
122	1280	74	55
129	1330	124	13
129	1330	124	461
129	1330	124	46
129	1330	124	283
129	1330	124	291
129	1330	124	55
144	1380	174	168
144	1380	174	46
144	1380	174	13
144	1380	174	283
144	1380	174	186
158	1430	224	46
158	1430	224	21
158	1430	224	186
158	1430	224	64
174	1480	274	345
174	1480	274	21
174	1480	274	46
174	1480	274	64
186	1530	324	21
186	1530	324	360
186	1530	324	92
186	1530	324	46
186	1530	324	346
186	1530	324	41
186	1530	324	20
197	1580	374	233
197	1580	374	47
197	1580	374	20
197	1580	374	41
197	1580	374	333
197	1580	374	21
113	1280	24	425
113	1280	24	13
113	1280	24	44
113	1280	24	55
143	1380	124	13
143	1380	124	55
143	1380	124	52
173	1480	224	64
173	1480	224	46
173	1480	224	20
196	1580	324	21
196	1580	324	41
196	1580	324	20
196	1580	324	346
196	1580	324	46
196	1580	324	97
137	1330	74	13
137	1330	74	291
137	1330	74	55
137	1330	74	112
157	1430	174	46
157	1430	174	186
157	1430	174	13
157	1430	174	64
185	1530	274	46
185	1530	274	21
185	1530	274	64
185	1530	274	20
206	1630	374	20
128	1330	24	55
128	1330	24	44
128	1330	24	112
128	1330	24	13
151	1380	74	55
151	1380	74	13
151	1380	74	52
151	1380	74	112
151	1380	74	230
156	1430	124	13
156	1430	124	52
156	1430	124	46
172	1480	174	46
172	1480	174	64
172	1480	174	13
172	1480	174	52
184	1530	224	64
184	1530	224	46
184	1530	224	20
195	1580	274	21
195	1580	274	46
195	1580	274	20
195	1580	274	97
195	1580	274	287
205	1630	324	20
205	1630	324	41
205	1630	324	97
142	1380	24	112
142	1380	24	13
142	1380	24	230
171	1480	124	46
171	1480	124	13
171	1480	124	52
171	1480	124	64
194	1580	224	46
194	1580	224	20
194	1580	224	64
194	1580	224	287
164	1430	74	52
164	1430	74	13
164	1430	74	230
164	1430	74	454
164	1430	74	276
183	1530	174	64
183	1530	174	46
183	1530	174	63
183	1530	174	52
204	1630	274	97
204	1630	274	20
204	1630	274	287
204	1630	274	102
213	1680	324	97
213	1680	324	102
155	1430	24	230
155	1430	24	13
155	1430	24	52
155	1430	24	276
179	1480	74	13
179	1480	74	52
179	1480	74	276
179	1480	74	64
182	1530	124	64
182	1530	124	46
182	1530	124	52
182	1530	124	63
193	1580	174	46
193	1580	174	63
193	1580	174	20
193	1580	174	97
203	1630	224	20
203	1630	224	287
203	1630	224	97
203	1630	224	102
203	1630	224	63
212	1680	274	97
212	1680	274	102
170	1480	24	13
170	1480	24	276
170	1480	24	52
192	1580	124	63
192	1580	124	52
192	1580	124	97
192	1580	124	83
211	1680	224	97
211	1680	224	102
211	1680	224	63
211	1680	224	402
190	1530	74	64
190	1530	74	52
190	1530	74	13
190	1530	74	83
202	1630	174	97
202	1630	174	20
202	1630	174	63
202	1630	174	73
219	1730	274	97
181	1530	24	13
181	1530	24	52
181	1530	24	83
181	1530	24	182
181	1530	24	73
199	1580	74	52
199	1580	74	83
199	1580	74	63
201	1630	124	97
201	1630	124	63
201	1630	124	73
201	1630	124	83
201	1630	124	455
210	1680	174	63
210	1680	174	97
210	1680	174	73
210	1680	174	402
218	1730	224	97
218	1730	224	102
218	1730	224	402
218	1730	224	73
218	1730	224	162
191	1580	24	83
191	1580	24	52
191	1580	24	73
191	1580	24	13
209	1680	124	73
209	1680	124	63
209	1680	124	402
209	1680	124	455
207	1630	74	83
207	1630	74	73
207	1630	74	455
217	1730	174	97
217	1730	174	402
217	1730	174	73
217	1730	174	162
224	1780	224	402
224	1780	224	73
224	1780	224	162
200	1630	24	83
200	1630	24	73
214	1680	74	73
214	1680	74	455
214	1680	74	402
216	1730	124	402
216	1730	124	73
223	1780	174	162
223	1780	174	73
223	1780	174	90
208	1680	24	73
208	1680	24	83
208	1680	24	49
222	1780	124	73
222	1780	124	402
222	1780	124	90
220	1730	74	402
220	1730	74	73
220	1730	74	49
228	1830	174	73
228	1830	174	90
215	1730	24	73
215	1730	24	49
215	1730	24	445
225	1780	74	73
225	1780	74	90
225	1780	74	49
227	1830	124	73
227	1830	124	90
221	1780	24	73
221	1780	24	49
221	1780	24	90
221	1780	24	190
229	1830	74	90
229	1830	74	73
231	1880	124	90
226	1830	24	90
226	1830	24	190
226	1830	24	49
232	1880	74	90
230	1880	24	90
230	1880	24	190
234	1930	74	90
233	1930	24	90
239	1980	24	90
