group	fill	clickSelects
1	#FFFFFF	68
2	#FFFFFF	68
3	#FFFFFF	68
4	#FFFFFF	15
5	#FFFFFF	15
6	#FFFFFF	15
7	#FFFFFF	15
8	#FFFFFF	15
9	#FFFFFF	68
10	#FFFFFF	68
12	#FFFFFF	15
13	#FFFFFF	68
14	#FFFFFF	68
17	#FFFFFF	68
19	#FFFFFF	15
20	#FFFFFF	15
21	#FFFFFF	15
22	#FFFFFF	15
24	#FFFFFF	15
25	#FFFFFF	68
26	#FFFFFF	15
27	#FFFFFF	15
28	#FFFFFF	15
29	#FFFFFF	15
30	#FFFFFF	15
31	#FFFFFF	15
32	#FFFFFF	15
33	#FFFFFF	15
34	#FFFFFF	15
35	#FFFFFF	15
36	#FFFFFF	68
37	#FFFFFF	15
38	#FFFFFF	15
39	#FFFFFF	15
40	#FFFFFF	15
41	#FFFFFF	15
42	#FFFFFF	15
43	#FFFFFF	15
44	#FFFFFF	15
45	#FFFFFF	356
46	#FFFFFF	68
47	#FFFFFF	68
48	#FFFFFF	15
49	#FFFFFF	15
50	#FFFFFF	15
51	#FFFFFF	68
52	#FFFFFF	68
53	#FFFFFF	68
55	#FFFFFF	15
56	#FFFFFF	15
57	#FFFFFF	15
58	#FFFFFF	15
59	#FFFFFF	68
60	#FFFFFF	15
61	#FFFFFF	68
63	#FFFFFF	15
64	#FFFFFF	68
65	#FFFFFF	15
66	#FFFFFF	15
67	#FFFFFF	68
68	#FFFFFF	68
69	#FFFFFF	15
70	#FFFFFF	15
71	#FFFFFF	15
72	#FFFFFF	15
74	#FFFFFF	15
75	#FFFFFF	68
76	#FFFFFF	15
77	#FFFFFF	15
78	#FFFFFF	15
79	#FFFFFF	15
80	#FFFFFF	15
81	#FFFFFF	15
82	#FFFFFF	15
83	#FFFFFF	15
84	#FFFFFF	15
85	#FFFFFF	15
86	#FFFFFF	68
87	#FFFFFF	15
88	#FFFFFF	15
90	#FFFFFF	15
91	#FFFFFF	15
92	#FFFFFF	15
93	#FFFFFF	15
94	#FFFFFF	15
95	#FFFFFF	15
96	#FFFFFF	356
97	#FFFFFF	68
98	#FFFFFF	68
99	#FFFFFF	68
100	#FFFFFF	15
101	#FFFFFF	68
102	#FFFFFF	68
103	#FFFFFF	68
104	#FFFFFF	68
105	#FFFFFF	15
106	#FFFFFF	15
107	#FFFFFF	15
108	#FFFFFF	15
109	#FFFFFF	15
110	#FFFFFF	15
111	#FFFFFF	68
112	#FFFFFF	15
113	#FFFFFF	68
114	#FFFFFF	15
115	#FFFFFF	68
116	#FFFFFF	15
117	#FFFFFF	68
118	#FFFFFF	68
119	#FFFFFF	15
120	#FFFFFF	15
122	#FFFFFF	15
124	#FFFFFF	15
125	#FFFFFF	15
126	#FFFFFF	68
127	#FFFFFF	15
128	#FFFFFF	15
129	#FFFFFF	15
130	#FFFFFF	15
131	#FFFFFF	15
132	#FFFFFF	15
133	#FFFFFF	15
134	#FFFFFF	15
135	#FFFFFF	15
136	#FFFFFF	15
137	#FFFFFF	68
138	#FFFFFF	15
139	#FFFFFF	15
140	#FFFFFF	15
141	#FFFFFF	15
142	#FFFFFF	15
143	#FFFFFF	15
144	#FFFFFF	15
145	#FFFFFF	15
146	#FFFFFF	15
147	#FFFFFF	68
148	#FFFFFF	68
149	#FFFFFF	68
151	#FFFFFF	15
152	#FFFFFF	68
153	#FFFFFF	68
154	#FFFFFF	68
155	#FFFFFF	68
156	#FFFFFF	36
157	#FFFFFF	68
158	#FFFFFF	68
159	#FFFFFF	15
160	#FFFFFF	15
161	#FFFFFF	68
162	#FFFFFF	68
163	#FFFFFF	68
165	#FFFFFF	68
166	#FFFFFF	68
167	#FFFFFF	15
168	#FFFFFF	15
169	#FFFFFF	15
170	#FFFFFF	15
171	#FFFFFF	15
172	#FFFFFF	15
173	#FFFFFF	15
174	#FFFFFF	15
176	#FFFFFF	68
177	#FFFFFF	15
178	#FFFFFF	15
179	#FFFFFF	15
180	#FFFFFF	15
181	#FFFFFF	15
182	#FFFFFF	15
183	#FFFFFF	15
184	#FFFFFF	15
185	#FFFFFF	15
186	#FFFFFF	15
187	#FFFFFF	68
188	#FFFFFF	15
189	#FFFFFF	15
190	#FFFFFF	15
192	#FFFFFF	15
193	#FFFFFF	15
194	#FFFFFF	15
195	#FFFFFF	15
196	#FFFFFF	15
197	#FFFFFF	15
198	#FFFFFF	68
199	#FFFFFF	68
200	#FFFFFF	68
201	#FFFFFF	68
202	#FFFFFF	68
203	#FFFFFF	68
204	#FFFFFF	68
205	#FFFFFF	68
206	#FFFFFF	36
207	#FFFFFF	36
208	#FFFFFF	68
209	#FFFFFF	68
210	#FFFFFF	68
211	#FFFFFF	68
212	#FFFFFF	68
213	#FFFFFF	68
214	#FFFFFF	15
215	#FFFFFF	15
216	#FFFFFF	68
217	#FFFFFF	15
218	#FFFFFF	15
220	#FFFFFF	15
221	#FFFFFF	15
222	#FFFFFF	15
223	#FFFFFF	15
225	#FFFFFF	15
226	#FFFFFF	15
227	#FFFFFF	68
229	#FFFFFF	15
231	#FFFFFF	15
232	#FFFFFF	15
233	#FFFFFF	15
234	#FFFFFF	15
235	#FFFFFF	15
236	#FFFFFF	15
237	#FFFFFF	15
238	#FFFFFF	68
239	#FFFFFF	15
240	#FFFFFF	15
241	#FFFFFF	15
242	#FFFFFF	15
243	#FFFFFF	15
244	#FFFFFF	15
246	#FFFFFF	15
247	#FFFFFF	15
248	#FFFFFF	68
249	#FFFFFF	68
250	#FFFFFF	68
251	#FFFFFF	68
252	#FFFFFF	68
253	#FFFFFF	68
254	#FFFFFF	68
255	#FFFFFF	68
256	#FFFFFF	68
257	#FFFFFF	36
258	#FFFFFF	68
259	#FFFFFF	68
260	#FFFFFF	68
262	#FFFFFF	68
263	#FFFFFF	68
264	#FFFFFF	68
266	#FFFFFF	68
269	#FFFFFF	15
270	#FFFFFF	15
271	#FFFFFF	15
272	#FFFFFF	15
273	#FFFFFF	15
274	#FFFFFF	15
276	#FFFFFF	15
277	#FFFFFF	68
278	#FFFFFF	15
279	#FFFFFF	15
280	#FFFFFF	15
281	#FFFFFF	15
282	#FFFFFF	15
283	#FFFFFF	15
284	#FFFFFF	15
285	#FFFFFF	15
286	#FFFFFF	15
288	#FFFFFF	68
289	#FFFFFF	15
290	#FFFFFF	15
291	#FFFFFF	15
292	#FFFFFF	15
293	#FFFFFF	15
294	#FFFFFF	15
295	#FFFFFF	15
296	#FFFFFF	15
297	#FFFFFF	15
298	#FFFFFF	15
299	#FFFFFF	68
300	#FFFFFF	68
301	#FFFFFF	68
302	#FFFFFF	68
303	#FFFFFF	68
304	#FFFFFF	68
305	#FFFFFF	68
306	#FFFFFF	68
307	#FFFFFF	36
308	#FFFFFF	68
309	#FFFFFF	68
310	#FFFFFF	68
313	#FFFFFF	68
314	#FFFFFF	15
315	#FFFFFF	15
316	#FFFFFF	15
317	#FFFFFF	68
318	#FFFFFF	15
319	#FFFFFF	15
320	#FFFFFF	15
321	#FFFFFF	15
322	#FFFFFF	15
323	#FFFFFF	15
324	#FFFFFF	15
325	#FFFFFF	15
327	#FFFFFF	15
328	#FFFFFF	68
330	#FFFFFF	15
331	#FFFFFF	15
332	#FFFFFF	15
333	#FFFFFF	15
334	#FFFFFF	15
335	#FFFFFF	15
336	#FFFFFF	15
337	#FFFFFF	15
338	#FFFFFF	15
339	#FFFFFF	68
340	#FFFFFF	15
341	#FFFFFF	15
342	#FFFFFF	15
343	#FFFFFF	15
344	#FFFFFF	15
345	#FFFFFF	15
346	#FFFFFF	15
347	#FFFFFF	15
348	#FFFFFF	15
349	#FFFFFF	68
350	#FFFFFF	68
351	#FFFFFF	68
352	#FFFFFF	68
353	#FFFFFF	68
354	#FFFFFF	68
355	#FFFFFF	68
356	#FFFFFF	68
357	#FFFFFF	36
358	#FFFFFF	36
359	#FFFFFF	68
360	#FFFFFF	68
361	#FFFFFF	68
362	#FFFFFF	68
363	#FFFFFF	68
364	#FFFFFF	15
365	#FFFFFF	15
366	#FFFFFF	15
367	#FFFFFF	68
370	#FFFFFF	15
371	#FFFFFF	15
372	#FFFFFF	15
373	#FFFFFF	15
374	#FFFFFF	15
375	#FFFFFF	15
377	#FFFFFF	15
378	#FFFFFF	68
379	#FFFFFF	15
381	#FFFFFF	15
382	#FFFFFF	15
383	#FFFFFF	15
384	#FFFFFF	15
385	#FFFFFF	15
386	#FFFFFF	15
387	#FFFFFF	15
388	#FFFFFF	15
389	#FFFFFF	68
391	#FFFFFF	15
392	#FFFFFF	15
393	#FFFFFF	15
394	#FFFFFF	15
395	#FFFFFF	15
397	#FFFFFF	15
398	#FFFFFF	15
399	#FFFFFF	15
400	#FFFFFF	68
401	#FFFFFF	68
402	#FFFFFF	68
403	#FFFFFF	68
404	#FFFFFF	36
405	#FFFFFF	68
406	#FFFFFF	68
407	#FFFFFF	68
408	#FFFFFF	36
409	#FFFFFF	36
410	#FFFFFF	68
411	#FFFFFF	68
412	#FFFFFF	68
413	#FFFFFF	68
414	#FFFFFF	15
415	#FFFFFF	68
416	#FFFFFF	15
418	#FFFFFF	68
419	#FFFFFF	15
421	#FFFFFF	15
422	#FFFFFF	15
423	#FFFFFF	15
424	#FFFFFF	15
426	#FFFFFF	15
427	#FFFFFF	15
428	#FFFFFF	15
429	#FFFFFF	68
430	#FFFFFF	15
431	#FFFFFF	15
432	#FFFFFF	15
433	#FFFFFF	15
434	#FFFFFF	15
435	#FFFFFF	15
436	#FFFFFF	15
437	#FFFFFF	15
438	#FFFFFF	15
439	#FFFFFF	15
440	#FFFFFF	68
441	#FFFFFF	15
442	#FFFFFF	15
443	#FFFFFF	15
444	#FFFFFF	15
445	#FFFFFF	15
446	#FFFFFF	15
447	#FFFFFF	15
448	#FFFFFF	15
449	#FFFFFF	15
450	#FFFFFF	68
451	#FFFFFF	68
452	#FFFFFF	68
453	#FFFFFF	68
454	#FFFFFF	36
455	#FFFFFF	68
456	#FFFFFF	68
457	#FFFFFF	68
458	#FFFFFF	36
459	#FFFFFF	36
460	#FFFFFF	68
461	#FFFFFF	68
462	#FFFFFF	68
463	#FFFFFF	68
464	#FFFFFF	15
465	#FFFFFF	68
466	#FFFFFF	68
467	#FFFFFF	15
468	#FFFFFF	68
469	#FFFFFF	15
470	#FFFFFF	15
472	#FFFFFF	15
473	#FFFFFF	15
474	#FFFFFF	15
475	#FFFFFF	15
476	#FFFFFF	15
477	#FFFFFF	15
478	#FFFFFF	15
479	#FFFFFF	68
480	#FFFFFF	15
481	#FFFFFF	15
482	#FFFFFF	15
483	#FFFFFF	15
484	#FFFFFF	15
485	#FFFFFF	15
486	#FFFFFF	15
487	#FFFFFF	15
488	#FFFFFF	15
489	#FFFFFF	15
490	#FFFFFF	68
491	#FFFFFF	15
492	#FFFFFF	15
493	#FFFFFF	15
494	#FFFFFF	15
495	#FFFFFF	15
496	#FFFFFF	15
497	#FFFFFF	15
498	#FFFFFF	15
499	#FFFFFF	15
500	#FFFFFF	15
501	#FFFFFF	68
502	#FFFFFF	68
503	#FFFFFF	68
504	#FFFFFF	68
505	#FFFFFF	36
506	#FFFFFF	68
507	#FFFFFF	68
508	#FFFFFF	68
509	#FFFFFF	36
510	#FFFFFF	68
511	#FFFFFF	68
512	#FFFFFF	68
513	#FFFFFF	68
514	#FFFFFF	15
515	#FFFFFF	68
516	#FFFFFF	68
517	#FFFFFF	15
518	#FFFFFF	15
519	#FFFFFF	68
520	#FFFFFF	15
521	#FFFFFF	15
523	#FFFFFF	15
524	#FFFFFF	15
525	#FFFFFF	15
526	#FFFFFF	15
527	#FFFFFF	15
528	#FFFFFF	15
529	#FFFFFF	15
530	#FFFFFF	68
531	#FFFFFF	15
532	#FFFFFF	15
533	#FFFFFF	15
534	#FFFFFF	15
535	#FFFFFF	15
536	#FFFFFF	15
537	#FFFFFF	15
538	#FFFFFF	15
539	#FFFFFF	15
540	#FFFFFF	15
541	#FFFFFF	68
542	#FFFFFF	15
543	#FFFFFF	15
544	#FFFFFF	15
545	#FFFFFF	15
546	#FFFFFF	15
547	#FFFFFF	15
548	#FFFFFF	15
549	#FFFFFF	15
550	#FFFFFF	15
551	#FFFFFF	68
552	#FFFFFF	68
553	#FFFFFF	68
554	#FFFFFF	68
555	#FFFFFF	36
556	#FFFFFF	68
557	#FFFFFF	68
558	#FFFFFF	68
559	#FFFFFF	36
560	#FFFFFF	68
561	#FFFFFF	68
562	#FFFFFF	68
563	#FFFFFF	68
564	#FFFFFF	68
566	#FFFFFF	15
567	#FFFFFF	15
568	#FFFFFF	15
569	#FFFFFF	68
570	#FFFFFF	15
571	#FFFFFF	15
574	#FFFFFF	15
575	#FFFFFF	15
576	#FFFFFF	15
577	#FFFFFF	15
578	#FFFFFF	15
579	#FFFFFF	15
580	#FFFFFF	68
581	#FFFFFF	15
582	#FFFFFF	15
583	#FFFFFF	15
584	#FFFFFF	15
585	#FFFFFF	15
586	#FFFFFF	15
587	#FFFFFF	15
588	#FFFFFF	15
589	#FFFFFF	15
590	#FFFFFF	15
591	#FFFFFF	68
592	#FFFFFF	15
593	#FFFFFF	15
594	#FFFFFF	15
595	#FFFFFF	15
596	#FFFFFF	15
597	#FFFFFF	15
598	#FFFFFF	15
599	#FFFFFF	15
600	#FFFFFF	15
601	#FFFFFF	15
602	#FFFFFF	68
603	#FFFFFF	68
604	#FFFFFF	68
605	#FFFFFF	68
606	#FFFFFF	68
607	#FFFFFF	68
608	#FFFFFF	68
609	#FFFFFF	68
610	#FFFFFF	36
611	#FFFFFF	68
612	#FFFFFF	68
613	#FFFFFF	68
614	#FFFFFF	68
615	#FFFFFF	68
616	#FFFFFF	15
617	#FFFFFF	15
618	#FFFFFF	15
619	#FFFFFF	15
620	#FFFFFF	68
621	#FFFFFF	15
622	#FFFFFF	15
623	#FFFFFF	15
625	#FFFFFF	15
626	#FFFFFF	15
628	#FFFFFF	15
629	#FFFFFF	15
630	#FFFFFF	15
631	#FFFFFF	68
632	#FFFFFF	15
633	#FFFFFF	15
634	#FFFFFF	15
635	#FFFFFF	15
636	#FFFFFF	15
637	#FFFFFF	15
638	#FFFFFF	15
639	#FFFFFF	15
640	#FFFFFF	15
641	#FFFFFF	15
642	#FFFFFF	68
643	#FFFFFF	15
644	#FFFFFF	15
645	#FFFFFF	15
646	#FFFFFF	15
647	#FFFFFF	15
648	#FFFFFF	15
649	#FFFFFF	15
650	#FFFFFF	15
651	#FFFFFF	15
652	#FFFFFF	68
653	#FFFFFF	68
654	#FFFFFF	68
655	#FFFFFF	36
656	#FFFFFF	36
657	#FFFFFF	68
658	#FFFFFF	68
659	#FFFFFF	68
660	#FFFFFF	36
661	#FFFFFF	68
662	#FFFFFF	68
663	#FFFFFF	68
664	#FFFFFF	68
665	#FFFFFF	36
666	#FFFFFF	36
667	#FFFFFF	15
668	#FFFFFF	15
669	#FFFFFF	15
670	#FFFFFF	68
671	#FFFFFF	15
672	#FFFFFF	15
673	#FFFFFF	15
675	#FFFFFF	15
676	#FFFFFF	15
677	#FFFFFF	15
678	#FFFFFF	15
679	#FFFFFF	15
680	#FFFFFF	15
681	#FFFFFF	68
682	#FFFFFF	15
683	#FFFFFF	15
684	#FFFFFF	15
685	#FFFFFF	15
686	#FFFFFF	15
687	#FFFFFF	15
688	#FFFFFF	15
689	#FFFFFF	15
690	#FFFFFF	15
691	#FFFFFF	15
692	#FFFFFF	68
693	#FFFFFF	15
694	#FFFFFF	15
695	#FFFFFF	15
696	#FFFFFF	15
697	#FFFFFF	15
698	#FFFFFF	15
699	#FFFFFF	15
700	#FFFFFF	15
701	#FFFFFF	15
702	#FFFFFF	15
703	#FFFFFF	68
704	#FFFFFF	68
705	#FFFFFF	68
706	#FFFFFF	36
707	#FFFFFF	36
708	#FFFFFF	68
709	#FFFFFF	68
710	#FFFFFF	68
711	#FFFFFF	68
712	#FFFFFF	68
713	#FFFFFF	68
714	#FFFFFF	68
715	#FFFFFF	68
716	#FFFFFF	36
717	#FFFFFF	15
718	#FFFFFF	15
719	#FFFFFF	15
720	#FFFFFF	15
721	#FFFFFF	68
722	#FFFFFF	15
724	#FFFFFF	15
725	#FFFFFF	15
727	#FFFFFF	15
728	#FFFFFF	15
729	#FFFFFF	15
730	#FFFFFF	15
731	#FFFFFF	15
732	#FFFFFF	68
733	#FFFFFF	15
734	#FFFFFF	15
735	#FFFFFF	15
736	#FFFFFF	15
737	#FFFFFF	15
738	#FFFFFF	15
739	#FFFFFF	15
740	#FFFFFF	15
741	#FFFFFF	15
743	#FFFFFF	68
744	#FFFFFF	15
745	#FFFFFF	15
746	#FFFFFF	15
747	#FFFFFF	15
748	#FFFFFF	15
749	#FFFFFF	15
750	#FFFFFF	15
751	#FFFFFF	15
752	#FFFFFF	15
753	#FFFFFF	68
755	#FFFFFF	68
756	#FFFFFF	36
757	#FFFFFF	68
758	#FFFFFF	68
759	#FFFFFF	68
760	#FFFFFF	68
761	#FFFFFF	68
762	#FFFFFF	68
763	#FFFFFF	68
764	#FFFFFF	68
765	#FFFFFF	68
766	#FFFFFF	36
767	#FFFFFF	36
768	#FFFFFF	15
769	#FFFFFF	15
770	#FFFFFF	15
771	#FFFFFF	68
772	#FFFFFF	15
773	#FFFFFF	15
774	#FFFFFF	15
775	#FFFFFF	15
776	#FFFFFF	15
777	#FFFFFF	15
778	#FFFFFF	15
779	#FFFFFF	15
780	#FFFFFF	15
781	#FFFFFF	15
782	#FFFFFF	68
783	#FFFFFF	15
784	#FFFFFF	15
785	#FFFFFF	15
786	#FFFFFF	15
787	#FFFFFF	15
788	#FFFFFF	15
789	#FFFFFF	15
790	#FFFFFF	15
791	#FFFFFF	15
792	#FFFFFF	15
793	#FFFFFF	68
794	#FFFFFF	15
795	#FFFFFF	15
796	#FFFFFF	15
797	#FFFFFF	15
798	#FFFFFF	15
799	#FFFFFF	15
800	#FFFFFF	15
801	#FFFFFF	15
802	#FFFFFF	15
803	#FFFFFF	15
804	#FFFFFF	68
805	#FFFFFF	68
806	#FFFFFF	68
807	#FFFFFF	36
808	#FFFFFF	36
809	#FFFFFF	68
810	#FFFFFF	68
811	#FFFFFF	68
812	#FFFFFF	68
813	#FFFFFF	68
814	#FFFFFF	68
815	#FFFFFF	68
816	#FFFFFF	68
817	#FFFFFF	36
818	#FFFFFF	36
819	#FFFFFF	15
820	#FFFFFF	15
821	#FFFFFF	15
822	#FFFFFF	68
823	#FFFFFF	15
824	#FFFFFF	15
825	#FFFFFF	15
827	#FFFFFF	15
829	#FFFFFF	15
830	#FFFFFF	15
831	#FFFFFF	15
832	#FFFFFF	15
833	#FFFFFF	68
834	#FFFFFF	15
835	#FFFFFF	15
836	#FFFFFF	15
837	#FFFFFF	15
838	#FFFFFF	15
839	#FFFFFF	15
840	#FFFFFF	15
841	#FFFFFF	15
842	#FFFFFF	15
844	#FFFFFF	68
845	#FFFFFF	15
846	#FFFFFF	15
847	#FFFFFF	15
848	#FFFFFF	15
850	#FFFFFF	15
851	#FFFFFF	15
853	#FFFFFF	15
854	#FFFFFF	68
855	#FFFFFF	68
856	#FFFFFF	36
857	#FFFFFF	36
858	#FFFFFF	36
859	#FFFFFF	68
860	#FFFFFF	68
861	#FFFFFF	68
862	#FFFFFF	68
863	#FFFFFF	68
864	#FFFFFF	68
865	#FFFFFF	68
866	#FFFFFF	68
867	#FFFFFF	68
868	#FFFFFF	36
869	#FFFFFF	36
870	#FFFFFF	15
872	#FFFFFF	68
873	#FFFFFF	15
874	#FFFFFF	15
875	#FFFFFF	15
880	#FFFFFF	15
881	#FFFFFF	15
882	#FFFFFF	15
883	#FFFFFF	68
884	#FFFFFF	15
885	#FFFFFF	15
886	#FFFFFF	15
887	#FFFFFF	15
888	#FFFFFF	15
889	#FFFFFF	15
890	#FFFFFF	15
891	#FFFFFF	15
893	#FFFFFF	15
894	#FFFFFF	68
895	#FFFFFF	15
896	#FFFFFF	15
897	#FFFFFF	15
899	#FFFFFF	15
900	#FFFFFF	15
902	#FFFFFF	15
903	#FFFFFF	15
904	#FFFFFF	15
905	#FFFFFF	68
906	#FFFFFF	68
907	#FFFFFF	68
908	#FFFFFF	36
909	#FFFFFF	36
910	#FFFFFF	68
911	#FFFFFF	68
912	#FFFFFF	68
913	#FFFFFF	68
914	#FFFFFF	68
915	#FFFFFF	36
916	#FFFFFF	68
917	#FFFFFF	68
918	#FFFFFF	68
919	#FFFFFF	36
920	#FFFFFF	36
921	#FFFFFF	15
922	#FFFFFF	15
923	#FFFFFF	68
924	#FFFFFF	15
925	#FFFFFF	15
926	#FFFFFF	15
927	#FFFFFF	15
928	#FFFFFF	15
929	#FFFFFF	15
930	#FFFFFF	15
931	#FFFFFF	15
932	#FFFFFF	15
933	#FFFFFF	15
934	#FFFFFF	68
935	#FFFFFF	15
936	#FFFFFF	15
937	#FFFFFF	15
938	#FFFFFF	15
939	#FFFFFF	15
940	#FFFFFF	15
941	#FFFFFF	15
942	#FFFFFF	15
943	#FFFFFF	15
944	#FFFFFF	15
945	#FFFFFF	68
946	#FFFFFF	15
947	#FFFFFF	15
948	#FFFFFF	15
950	#FFFFFF	15
952	#FFFFFF	15
953	#FFFFFF	15
954	#FFFFFF	15
955	#FFFFFF	68
956	#FFFFFF	68
957	#FFFFFF	68
958	#FFFFFF	68
959	#FFFFFF	36
960	#FFFFFF	36
961	#FFFFFF	68
962	#FFFFFF	68
963	#FFFFFF	68
964	#FFFFFF	68
965	#FFFFFF	36
967	#FFFFFF	68
968	#FFFFFF	36
969	#FFFFFF	36
970	#FFFFFF	36
971	#FFFFFF	15
972	#FFFFFF	15
973	#FFFFFF	68
974	#FFFFFF	15
975	#FFFFFF	15
976	#FFFFFF	15
977	#FFFFFF	15
978	#FFFFFF	15
979	#FFFFFF	15
980	#FFFFFF	15
982	#FFFFFF	15
983	#FFFFFF	15
984	#FFFFFF	68
985	#FFFFFF	15
986	#FFFFFF	15
987	#FFFFFF	15
988	#FFFFFF	15
989	#FFFFFF	15
990	#FFFFFF	15
991	#FFFFFF	15
993	#FFFFFF	15
994	#FFFFFF	15
995	#FFFFFF	68
996	#FFFFFF	15
997	#FFFFFF	15
998	#FFFFFF	15
999	#FFFFFF	15
1001	#FFFFFF	15
1002	#FFFFFF	15
1003	#FFFFFF	15
1004	#FFFFFF	15
1005	#FFFFFF	15
1006	#FFFFFF	68
1007	#FFFFFF	68
1008	#FFFFFF	68
1009	#FFFFFF	36
1011	#FFFFFF	68
1012	#FFFFFF	68
1013	#FFFFFF	68
1014	#FFFFFF	68
1015	#FFFFFF	68
1016	#FFFFFF	36
1017	#FFFFFF	68
1019	#FFFFFF	36
1020	#FFFFFF	36
1021	#FFFFFF	36
1022	#FFFFFF	15
1023	#FFFFFF	15
1024	#FFFFFF	68
1025	#FFFFFF	15
1026	#FFFFFF	15
1029	#FFFFFF	15
1030	#FFFFFF	15
1031	#FFFFFF	15
1032	#FFFFFF	15
1033	#FFFFFF	15
1035	#FFFFFF	68
1036	#FFFFFF	15
1037	#FFFFFF	15
1038	#FFFFFF	15
1039	#FFFFFF	15
1040	#FFFFFF	15
1041	#FFFFFF	15
1042	#FFFFFF	15
1043	#FFFFFF	15
1044	#FFFFFF	15
1045	#FFFFFF	15
1046	#FFFFFF	68
1047	#FFFFFF	15
1048	#FFFFFF	15
1049	#FFFFFF	15
1050	#FFFFFF	15
1051	#FFFFFF	15
1052	#FFFFFF	15
1053	#FFFFFF	15
1054	#FFFFFF	15
1055	#FFFFFF	15
1056	#FFFFFF	68
1057	#FFFFFF	68
1058	#FFFFFF	36
1059	#FFFFFF	36
1060	#FFFFFF	68
1062	#FFFFFF	68
1063	#FFFFFF	68
1064	#FFFFFF	68
1065	#FFFFFF	68
1066	#FFFFFF	36
1067	#FFFFFF	36
1068	#FFFFFF	68
1069	#FFFFFF	36
1070	#FFFFFF	36
1071	#FFFFFF	36
1072	#FFFFFF	15
1073	#FFFFFF	15
1074	#FFFFFF	68
1075	#FFFFFF	15
1076	#FFFFFF	15
1077	#FFFFFF	15
1078	#FFFFFF	15
1079	#FFFFFF	15
1080	#FFFFFF	15
1081	#FFFFFF	15
1082	#FFFFFF	15
1083	#FFFFFF	15
1084	#FFFFFF	15
1085	#FFFFFF	68
1086	#FFFFFF	15
1088	#FFFFFF	15
1089	#FFFFFF	15
1090	#FFFFFF	15
1091	#FFFFFF	15
1092	#FFFFFF	15
1093	#FFFFFF	15
1094	#FFFFFF	15
1095	#FFFFFF	15
1096	#FFFFFF	68
1098	#FFFFFF	15
1099	#FFFFFF	15
1100	#FFFFFF	15
1102	#FFFFFF	15
1103	#FFFFFF	15
1104	#FFFFFF	15
1105	#FFFFFF	15
1106	#FFFFFF	33
1107	#FFFFFF	68
1108	#FFFFFF	68
1109	#FFFFFF	36
1110	#FFFFFF	68
1111	#FFFFFF	36
1112	#FFFFFF	36
1113	#FFFFFF	68
1114	#FFFFFF	68
1115	#FFFFFF	68
1116	#FFFFFF	36
1117	#FFFFFF	36
1118	#FFFFFF	68
1119	#FFFFFF	68
1120	#FFFFFF	36
1121	#FFFFFF	36
1122	#FFFFFF	36
1123	#FFFFFF	15
1124	#FFFFFF	15
1125	#FFFFFF	68
1126	#FFFFFF	15
1127	#FFFFFF	15
1128	#FFFFFF	15
1129	#FFFFFF	15
1130	#FFFFFF	15
1131	#FFFFFF	15
1132	#FFFFFF	15
1133	#FFFFFF	15
1134	#FFFFFF	15
1135	#FFFFFF	15
1136	#FFFFFF	68
1137	#FFFFFF	15
1138	#FFFFFF	15
1139	#FFFFFF	15
1140	#FFFFFF	15
1141	#FFFFFF	15
1142	#FFFFFF	15
1143	#FFFFFF	15
1144	#FFFFFF	15
1145	#FFFFFF	15
1146	#FFFFFF	15
1147	#FFFFFF	68
1148	#FFFFFF	15
1149	#FFFFFF	15
1150	#FFFFFF	15
1151	#FFFFFF	15
1152	#FFFFFF	15
1155	#FFFFFF	15
1156	#FFFFFF	33
1157	#FFFFFF	68
1158	#FFFFFF	68
1159	#FFFFFF	68
1160	#FFFFFF	68
1161	#FFFFFF	36
1162	#FFFFFF	68
1163	#FFFFFF	68
1164	#FFFFFF	68
1165	#FFFFFF	68
1166	#FFFFFF	15
1167	#FFFFFF	15
1168	#FFFFFF	15
1169	#FFFFFF	15
1170	#FFFFFF	15
1171	#FFFFFF	15
1172	#FFFFFF	68
1173	#FFFFFF	68
1174	#FFFFFF	68
1175	#FFFFFF	68
1176	#FFFFFF	15
1177	#FFFFFF	68
1178	#FFFFFF	68
1179	#FFFFFF	68
1180	#FFFFFF	15
1181	#FFFFFF	15
1182	#FFFFFF	15
1183	#FFFFFF	15
1184	#FFFFFF	15
1185	#FFFFFF	15
1186	#FFFFFF	68
1187	#FFFFFF	15
1188	#FFFFFF	15
1189	#FFFFFF	15
1190	#FFFFFF	15
1191	#FFFFFF	15
1192	#FFFFFF	15
1193	#FFFFFF	15
1194	#FFFFFF	15
1195	#FFFFFF	15
1196	#FFFFFF	15
1197	#FFFFFF	68
1198	#FFFFFF	15
1199	#FFFFFF	15
1200	#FFFFFF	15
1202	#FFFFFF	15
1203	#FFFFFF	15
1204	#FFFFFF	15
1205	#FFFFFF	15
1206	#FFFFFF	15
1207	#FFFFFF	15
1208	#FFFFFF	68
1209	#FFFFFF	68
1210	#FFFFFF	68
1211	#FFFFFF	68
1212	#FFFFFF	15
1213	#FFFFFF	68
1214	#FFFFFF	68
1215	#FFFFFF	68
1216	#FFFFFF	68
1217	#FFFFFF	15
1218	#FFFFFF	15
1219	#FFFFFF	68
1220	#FFFFFF	15
1221	#FFFFFF	15
1222	#FFFFFF	68
1223	#FFFFFF	15
1224	#FFFFFF	15
1226	#FFFFFF	68
1227	#FFFFFF	15
1228	#FFFFFF	68
1230	#FFFFFF	15
1232	#FFFFFF	15
1233	#FFFFFF	15
1234	#FFFFFF	15
1235	#FFFFFF	15
1237	#FFFFFF	68
1238	#FFFFFF	15
1239	#FFFFFF	15
1240	#FFFFFF	15
1241	#FFFFFF	15
1242	#FFFFFF	15
1243	#FFFFFF	15
1244	#FFFFFF	15
1245	#FFFFFF	15
1246	#FFFFFF	15
1247	#FFFFFF	15
1248	#FFFFFF	68
1249	#FFFFFF	15
1250	#FFFFFF	15
1251	#FFFFFF	15
1254	#FFFFFF	15
1257	#FFFFFF	15
1258	#FFFFFF	68
1259	#FFFFFF	68
1260	#FFFFFF	68
1261	#FFFFFF	15
1262	#FFFFFF	68
1263	#FFFFFF	36
1264	#FFFFFF	68
1265	#FFFFFF	68
1266	#FFFFFF	36
1267	#FFFFFF	68
1268	#FFFFFF	36
1269	#FFFFFF	68
1270	#FFFFFF	68
1271	#FFFFFF	36
1272	#FFFFFF	36
1273	#FFFFFF	36
1274	#FFFFFF	15
1275	#FFFFFF	15
1276	#FFFFFF	68
1277	#FFFFFF	15
1278	#FFFFFF	15
1279	#FFFFFF	15
1280	#FFFFFF	15
1281	#FFFFFF	15
1282	#FFFFFF	15
1283	#FFFFFF	15
1284	#FFFFFF	15
1285	#FFFFFF	15
1286	#FFFFFF	15
1287	#FFFFFF	68
1288	#FFFFFF	15
1289	#FFFFFF	15
1290	#FFFFFF	15
1291	#FFFFFF	15
1292	#FFFFFF	15
1293	#FFFFFF	15
1294	#FFFFFF	15
1295	#FFFFFF	15
1298	#FFFFFF	68
1299	#FFFFFF	15
1300	#FFFFFF	15
1301	#FFFFFF	15
1302	#FFFFFF	15
1303	#FFFFFF	15
1305	#FFFFFF	15
1306	#FFFFFF	15
1307	#FFFFFF	15
1308	#FFFFFF	33
1309	#FFFFFF	68
1310	#FFFFFF	68
1311	#FFFFFF	68
1312	#FFFFFF	68
1313	#FFFFFF	68
1314	#FFFFFF	68
1315	#FFFFFF	68
1316	#FFFFFF	68
1317	#FFFFFF	68
1318	#FFFFFF	36
1319	#FFFFFF	36
1320	#FFFFFF	36
1321	#FFFFFF	68
1322	#FFFFFF	36
1323	#FFFFFF	36
1324	#FFFFFF	36
1325	#FFFFFF	15
1326	#FFFFFF	15
1327	#FFFFFF	68
1328	#FFFFFF	15
1329	#FFFFFF	15
1330	#FFFFFF	15
1331	#FFFFFF	15
1332	#FFFFFF	15
1333	#FFFFFF	15
1334	#FFFFFF	15
1335	#FFFFFF	15
1336	#FFFFFF	15
1337	#FFFFFF	15
1338	#FFFFFF	68
1339	#FFFFFF	15
1342	#FFFFFF	15
1343	#FFFFFF	15
1344	#FFFFFF	15
1345	#FFFFFF	15
1348	#FFFFFF	15
1349	#FFFFFF	68
1350	#FFFFFF	15
1351	#FFFFFF	15
1352	#FFFFFF	15
1353	#FFFFFF	15
1354	#FFFFFF	15
1355	#FFFFFF	15
1356	#FFFFFF	33
1357	#FFFFFF	33
1358	#FFFFFF	33
1359	#FFFFFF	68
1360	#FFFFFF	68
1361	#FFFFFF	68
1362	#FFFFFF	68
1363	#FFFFFF	36
1364	#FFFFFF	68
1365	#FFFFFF	68
1366	#FFFFFF	68
1367	#FFFFFF	36
1368	#FFFFFF	36
1369	#FFFFFF	36
1370	#FFFFFF	36
1371	#FFFFFF	36
1372	#FFFFFF	36
1373	#FFFFFF	36
1374	#FFFFFF	36
1375	#FFFFFF	15
1376	#FFFFFF	15
1377	#FFFFFF	68
1378	#FFFFFF	15
1379	#FFFFFF	15
1380	#FFFFFF	15
1381	#FFFFFF	15
1382	#FFFFFF	15
1383	#FFFFFF	15
1384	#FFFFFF	15
1385	#FFFFFF	15
1386	#FFFFFF	15
1387	#FFFFFF	15
1388	#FFFFFF	68
1389	#FFFFFF	15
1390	#FFFFFF	15
1391	#FFFFFF	15
1392	#FFFFFF	15
1393	#FFFFFF	15
1394	#FFFFFF	15
1395	#FFFFFF	15
1396	#FFFFFF	15
1397	#FFFFFF	15
1398	#FFFFFF	15
1399	#FFFFFF	68
1400	#FFFFFF	15
1403	#FFFFFF	15
1404	#FFFFFF	15
1405	#FFFFFF	33
1407	#FFFFFF	33
1408	#FFFFFF	33
1410	#FFFFFF	68
1412	#FFFFFF	68
1413	#FFFFFF	68
1414	#FFFFFF	36
1415	#FFFFFF	68
1416	#FFFFFF	68
1417	#FFFFFF	68
1418	#FFFFFF	36
1419	#FFFFFF	36
1420	#FFFFFF	36
1421	#FFFFFF	36
1422	#FFFFFF	36
1423	#FFFFFF	36
1424	#FFFFFF	36
1425	#FFFFFF	36
1426	#FFFFFF	15
1427	#FFFFFF	15
1428	#FFFFFF	68
1429	#FFFFFF	15
1430	#FFFFFF	15
1431	#FFFFFF	15
1432	#FFFFFF	15
1433	#FFFFFF	15
1434	#FFFFFF	15
1435	#FFFFFF	15
1436	#FFFFFF	15
1437	#FFFFFF	15
1438	#FFFFFF	15
1439	#FFFFFF	68
1440	#FFFFFF	15
1441	#FFFFFF	15
1442	#FFFFFF	15
1443	#FFFFFF	15
1444	#FFFFFF	15
1446	#FFFFFF	15
1447	#FFFFFF	15
1449	#FFFFFF	15
1450	#FFFFFF	68
1452	#FFFFFF	15
1455	#FFFFFF	15
1459	#FFFFFF	33
1460	#FFFFFF	68
1461	#FFFFFF	36
1462	#FFFFFF	68
1463	#FFFFFF	36
1464	#FFFFFF	36
1465	#FFFFFF	68
1466	#FFFFFF	68
1467	#FFFFFF	68
1468	#FFFFFF	36
1469	#FFFFFF	36
1470	#FFFFFF	36
1471	#FFFFFF	36
1472	#FFFFFF	36
1473	#FFFFFF	36
1474	#FFFFFF	36
1475	#FFFFFF	36
1476	#FFFFFF	15
1477	#FFFFFF	15
1478	#FFFFFF	68
1479	#FFFFFF	15
1480	#FFFFFF	15
1481	#FFFFFF	15
1482	#FFFFFF	15
1483	#FFFFFF	15
1484	#FFFFFF	15
1485	#FFFFFF	15
1486	#FFFFFF	15
1487	#FFFFFF	15
1488	#FFFFFF	15
1489	#FFFFFF	68
1490	#FFFFFF	15
1491	#FFFFFF	15
1492	#FFFFFF	15
1493	#FFFFFF	15
1494	#FFFFFF	15
1495	#FFFFFF	15
1496	#FFFFFF	15
1497	#FFFFFF	15
1498	#FFFFFF	15
1499	#FFFFFF	15
1500	#FFFFFF	68
1501	#FFFFFF	15
1502	#FFFFFF	15
1504	#FFFFFF	15
1505	#FFFFFF	15
1506	#FFFFFF	15
1507	#FFFFFF	33
1508	#FFFFFF	15
1509	#FFFFFF	15
1510	#FFFFFF	15
1511	#FFFFFF	68
1512	#FFFFFF	68
1513	#FFFFFF	36
1514	#FFFFFF	68
1515	#FFFFFF	36
1516	#FFFFFF	68
1517	#FFFFFF	68
1518	#FFFFFF	68
1519	#FFFFFF	36
1520	#FFFFFF	36
1521	#FFFFFF	36
1522	#FFFFFF	36
1523	#FFFFFF	36
1524	#FFFFFF	36
1525	#FFFFFF	36
1526	#FFFFFF	15
1527	#FFFFFF	15
1528	#FFFFFF	15
1529	#FFFFFF	68
1530	#FFFFFF	15
1531	#FFFFFF	15
1532	#FFFFFF	15
1533	#FFFFFF	15
1534	#FFFFFF	15
1535	#FFFFFF	15
1536	#FFFFFF	15
1537	#FFFFFF	15
1538	#FFFFFF	15
1539	#FFFFFF	15
1540	#FFFFFF	68
1541	#FFFFFF	15
1542	#FFFFFF	15
1543	#FFFFFF	15
1544	#FFFFFF	15
1545	#FFFFFF	15
1546	#FFFFFF	15
1547	#FFFFFF	15
1548	#FFFFFF	15
1549	#FFFFFF	15
1550	#FFFFFF	15
1551	#FFFFFF	68
1552	#FFFFFF	15
1553	#FFFFFF	15
1554	#FFFFFF	15
1555	#FFFFFF	15
1557	#FFFFFF	33
1560	#FFFFFF	15
1561	#FFFFFF	68
1562	#FFFFFF	36
1563	#FFFFFF	36
1564	#FFFFFF	36
1565	#FFFFFF	36
1566	#FFFFFF	68
1567	#FFFFFF	68
1568	#FFFFFF	68
1569	#FFFFFF	36
1570	#FFFFFF	36
1571	#FFFFFF	36
1572	#FFFFFF	36
1573	#FFFFFF	36
1574	#FFFFFF	36
1575	#FFFFFF	36
1576	#FFFFFF	36
1577	#FFFFFF	15
1578	#FFFFFF	15
1579	#FFFFFF	68
1580	#FFFFFF	15
1581	#FFFFFF	15
1582	#FFFFFF	15
1583	#FFFFFF	15
1584	#FFFFFF	15
1585	#FFFFFF	15
1586	#FFFFFF	15
1587	#FFFFFF	15
1588	#FFFFFF	15
1589	#FFFFFF	15
1590	#FFFFFF	68
1591	#FFFFFF	15
1592	#FFFFFF	15
1593	#FFFFFF	15
1594	#FFFFFF	15
1597	#FFFFFF	15
1599	#FFFFFF	15
1600	#FFFFFF	15
1601	#FFFFFF	68
1602	#FFFFFF	15
1603	#FFFFFF	33
1604	#FFFFFF	15
1605	#FFFFFF	15
1607	#FFFFFF	33
1608	#FFFFFF	15
1609	#FFFFFF	33
1610	#FFFFFF	15
1611	#FFFFFF	15
1612	#FFFFFF	68
1613	#FFFFFF	68
1614	#FFFFFF	36
1615	#FFFFFF	36
1616	#FFFFFF	36
1617	#FFFFFF	68
1618	#FFFFFF	68
1619	#FFFFFF	68
1620	#FFFFFF	36
1621	#FFFFFF	36
1622	#FFFFFF	36
1623	#FFFFFF	36
1625	#FFFFFF	36
1626	#FFFFFF	36
1627	#FFFFFF	15
1628	#FFFFFF	15
1629	#FFFFFF	15
1630	#FFFFFF	68
1631	#FFFFFF	15
1632	#FFFFFF	15
1633	#FFFFFF	15
1634	#FFFFFF	15
1635	#FFFFFF	15
1636	#FFFFFF	15
1637	#FFFFFF	15
1638	#FFFFFF	15
1639	#FFFFFF	15
1640	#FFFFFF	15
1641	#FFFFFF	68
1642	#FFFFFF	15
1643	#FFFFFF	15
1645	#FFFFFF	15
1646	#FFFFFF	15
1647	#FFFFFF	15
1648	#FFFFFF	15
1649	#FFFFFF	15
1650	#FFFFFF	15
1651	#FFFFFF	15
1652	#FFFFFF	68
1654	#FFFFFF	33
1655	#FFFFFF	15
1656	#FFFFFF	33
1657	#FFFFFF	33
1658	#FFFFFF	33
1660	#FFFFFF	15
1661	#FFFFFF	33
1662	#FFFFFF	68
1663	#FFFFFF	36
1664	#FFFFFF	36
1665	#FFFFFF	36
1667	#FFFFFF	68
1668	#FFFFFF	68
1669	#FFFFFF	68
1670	#FFFFFF	36
1671	#FFFFFF	36
1672	#FFFFFF	36
1673	#FFFFFF	36
1674	#FFFFFF	36
1676	#FFFFFF	36
1677	#FFFFFF	36
1678	#FFFFFF	36
1679	#FFFFFF	15
1680	#FFFFFF	68
1681	#FFFFFF	15
1682	#FFFFFF	15
1683	#FFFFFF	15
1684	#FFFFFF	15
1685	#FFFFFF	15
1686	#FFFFFF	15
1687	#FFFFFF	15
1688	#FFFFFF	15
1689	#FFFFFF	15
1690	#FFFFFF	15
1691	#FFFFFF	68
1692	#FFFFFF	15
1693	#FFFFFF	15
1694	#FFFFFF	15
1696	#FFFFFF	15
1697	#FFFFFF	33
1698	#FFFFFF	15
1699	#FFFFFF	15
1700	#FFFFFF	15
1702	#FFFFFF	68
1703	#FFFFFF	15
1704	#FFFFFF	15
1706	#FFFFFF	33
1707	#FFFFFF	33
1709	#FFFFFF	15
1710	#FFFFFF	15
1711	#FFFFFF	33
1712	#FFFFFF	33
1713	#FFFFFF	68
1714	#FFFFFF	68
1715	#FFFFFF	36
1716	#FFFFFF	36
1717	#FFFFFF	36
1718	#FFFFFF	68
1719	#FFFFFF	68
1720	#FFFFFF	68
1721	#FFFFFF	36
1722	#FFFFFF	36
1723	#FFFFFF	36
1724	#FFFFFF	36
1725	#FFFFFF	36
1726	#FFFFFF	36
1727	#FFFFFF	36
1728	#FFFFFF	36
1729	#FFFFFF	15
1730	#FFFFFF	15
1731	#FFFFFF	68
1732	#FFFFFF	15
1733	#FFFFFF	15
1734	#FFFFFF	15
1735	#FFFFFF	15
1736	#FFFFFF	15
1737	#FFFFFF	15
1738	#FFFFFF	15
1739	#FFFFFF	15
1740	#FFFFFF	15
1741	#FFFFFF	15
1742	#FFFFFF	68
1743	#FFFFFF	15
1744	#FFFFFF	15
1745	#FFFFFF	15
1746	#FFFFFF	15
1747	#FFFFFF	15
1748	#FFFFFF	33
1749	#FFFFFF	15
1751	#FFFFFF	15
1752	#FFFFFF	15
1753	#FFFFFF	68
1754	#FFFFFF	15
1755	#FFFFFF	15
1758	#FFFFFF	33
1759	#FFFFFF	15
1760	#FFFFFF	33
1763	#FFFFFF	68
1764	#FFFFFF	68
1765	#FFFFFF	36
1766	#FFFFFF	36
1767	#FFFFFF	36
1768	#FFFFFF	68
1769	#FFFFFF	68
1770	#FFFFFF	68
1771	#FFFFFF	36
1772	#FFFFFF	36
1773	#FFFFFF	36
1774	#FFFFFF	36
1775	#FFFFFF	36
1776	#FFFFFF	36
1777	#FFFFFF	36
1778	#FFFFFF	36
1779	#FFFFFF	36
1780	#FFFFFF	15
1781	#FFFFFF	68
1782	#FFFFFF	15
1783	#FFFFFF	15
1784	#FFFFFF	15
1785	#FFFFFF	15
1786	#FFFFFF	15
1787	#FFFFFF	15
1788	#FFFFFF	15
1789	#FFFFFF	15
1790	#FFFFFF	15
1791	#FFFFFF	15
1792	#FFFFFF	68
1793	#FFFFFF	15
1794	#FFFFFF	15
1795	#FFFFFF	15
1798	#FFFFFF	33
1799	#FFFFFF	33
1800	#FFFFFF	15
1803	#FFFFFF	68
1804	#FFFFFF	15
1805	#FFFFFF	15
1806	#FFFFFF	15
1807	#FFFFFF	33
1808	#FFFFFF	33
1809	#FFFFFF	15
1810	#FFFFFF	15
1811	#FFFFFF	33
1812	#FFFFFF	33
1813	#FFFFFF	33
1814	#FFFFFF	68
1815	#FFFFFF	68
1816	#FFFFFF	68
1817	#FFFFFF	36
1818	#FFFFFF	36
1819	#FFFFFF	68
1820	#FFFFFF	68
1821	#FFFFFF	68
1822	#FFFFFF	36
1823	#FFFFFF	36
1824	#FFFFFF	36
1825	#FFFFFF	36
1826	#FFFFFF	36
1827	#FFFFFF	36
1828	#FFFFFF	36
1829	#FFFFFF	36
1830	#FFFFFF	15
1831	#FFFFFF	15
1832	#FFFFFF	68
1833	#FFFFFF	15
1834	#FFFFFF	15
1835	#FFFFFF	15
1836	#FFFFFF	15
1837	#FFFFFF	15
1838	#FFFFFF	15
1839	#FFFFFF	15
1840	#FFFFFF	15
1841	#FFFFFF	15
1842	#FFFFFF	15
1843	#FFFFFF	36
1844	#FFFFFF	15
1845	#FFFFFF	15
1847	#FFFFFF	15
1849	#FFFFFF	33
1850	#FFFFFF	33
1851	#FFFFFF	33
1852	#FFFFFF	15
1853	#FFFFFF	15
1854	#FFFFFF	36
1855	#FFFFFF	15
1856	#FFFFFF	15
1857	#FFFFFF	15
1858	#FFFFFF	33
1859	#FFFFFF	15
1860	#FFFFFF	33
1862	#FFFFFF	15
1863	#FFFFFF	33
1864	#FFFFFF	68
1865	#FFFFFF	68
1866	#FFFFFF	36
1867	#FFFFFF	36
1868	#FFFFFF	36
1869	#FFFFFF	68
1870	#FFFFFF	68
1871	#FFFFFF	68
1872	#FFFFFF	36
1873	#FFFFFF	36
1874	#FFFFFF	36
1875	#FFFFFF	36
1876	#FFFFFF	36
1877	#FFFFFF	36
1878	#FFFFFF	36
1879	#FFFFFF	36
1880	#FFFFFF	15
1881	#FFFFFF	36
1882	#FFFFFF	68
1883	#FFFFFF	15
1884	#FFFFFF	15
1885	#FFFFFF	36
1886	#FFFFFF	15
1887	#FFFFFF	15
1888	#FFFFFF	15
1889	#FFFFFF	15
1890	#FFFFFF	15
1891	#FFFFFF	15
1892	#FFFFFF	15
1893	#FFFFFF	68
1894	#FFFFFF	15
1895	#FFFFFF	15
1897	#FFFFFF	15
1898	#FFFFFF	15
1899	#FFFFFF	15
1900	#FFFFFF	33
1901	#FFFFFF	33
1902	#FFFFFF	33
1903	#FFFFFF	15
1904	#FFFFFF	36
1905	#FFFFFF	15
1906	#FFFFFF	15
1907	#FFFFFF	15
1911	#FFFFFF	33
1912	#FFFFFF	15
1913	#FFFFFF	33
1914	#FFFFFF	33
1915	#FFFFFF	68
1916	#FFFFFF	68
1917	#FFFFFF	36
1918	#FFFFFF	36
1919	#FFFFFF	36
1920	#FFFFFF	68
1921	#FFFFFF	68
1922	#FFFFFF	68
1923	#FFFFFF	36
1924	#FFFFFF	36
1925	#FFFFFF	36
1926	#FFFFFF	36
1927	#FFFFFF	36
1928	#FFFFFF	36
1929	#FFFFFF	36
1930	#FFFFFF	15
1931	#FFFFFF	36
1932	#FFFFFF	15
1933	#FFFFFF	36
1934	#FFFFFF	15
1935	#FFFFFF	15
1936	#FFFFFF	36
1938	#FFFFFF	15
1939	#FFFFFF	15
1940	#FFFFFF	15
1941	#FFFFFF	15
1942	#FFFFFF	15
1943	#FFFFFF	15
1944	#FFFFFF	36
1945	#FFFFFF	15
1946	#FFFFFF	15
1947	#FFFFFF	15
1948	#FFFFFF	15
1949	#FFFFFF	15
1950	#FFFFFF	15
1951	#FFFFFF	33
1952	#FFFFFF	33
1953	#FFFFFF	15
1954	#FFFFFF	33
1955	#FFFFFF	36
1956	#FFFFFF	15
1957	#FFFFFF	15
1958	#FFFFFF	15
1960	#FFFFFF	33
1962	#FFFFFF	15
1963	#FFFFFF	15
1964	#FFFFFF	33
1965	#FFFFFF	68
1966	#FFFFFF	36
1967	#FFFFFF	36
1968	#FFFFFF	36
1969	#FFFFFF	36
1970	#FFFFFF	68
1971	#FFFFFF	68
1972	#FFFFFF	68
1973	#FFFFFF	36
1974	#FFFFFF	36
1975	#FFFFFF	36
1976	#FFFFFF	36
1977	#FFFFFF	36
1978	#FFFFFF	36
1979	#FFFFFF	36
1980	#FFFFFF	36
1981	#FFFFFF	15
1982	#FFFFFF	36
1983	#FFFFFF	36
1984	#FFFFFF	15
1985	#FFFFFF	15
1986	#FFFFFF	36
1987	#FFFFFF	36
1988	#FFFFFF	15
1990	#FFFFFF	15
1991	#FFFFFF	15
1992	#FFFFFF	15
1993	#FFFFFF	15
1994	#FFFFFF	36
1995	#FFFFFF	15
1998	#FFFFFF	15
1999	#FFFFFF	15
2000	#FFFFFF	33
2003	#FFFFFF	33
2005	#FFFFFF	36
2006	#FFFFFF	33
2007	#FFFFFF	15
2008	#FFFFFF	15
2009	#FFFFFF	15
2010	#FFFFFF	33
2011	#FFFFFF	15
2012	#FFFFFF	15
2013	#FFFFFF	15
2014	#FFFFFF	33
2015	#FFFFFF	33
2016	#FFFFFF	36
2017	#FFFFFF	36
2018	#FFFFFF	36
2019	#FFFFFF	36
2020	#FFFFFF	36
2021	#FFFFFF	68
2022	#FFFFFF	68
2023	#FFFFFF	68
2024	#FFFFFF	36
2025	#FFFFFF	36
2026	#FFFFFF	36
2027	#FFFFFF	36
2028	#FFFFFF	36
2029	#FFFFFF	36
2030	#FFFFFF	36
2031	#FFFFFF	36
2032	#FFFFFF	36
2033	#FFFFFF	15
2034	#FFFFFF	36
2035	#FFFFFF	15
2036	#FFFFFF	15
2037	#FFFFFF	36
2038	#FFFFFF	36
2039	#FFFFFF	15
2040	#FFFFFF	15
2041	#FFFFFF	15
2042	#FFFFFF	15
2043	#FFFFFF	15
2044	#FFFFFF	15
2045	#FFFFFF	36
2046	#FFFFFF	15
2047	#FFFFFF	15
2050	#FFFFFF	33
2053	#FFFFFF	33
2054	#FFFFFF	33
2055	#FFFFFF	15
2056	#FFFFFF	36
2058	#FFFFFF	15
2059	#FFFFFF	15
2060	#FFFFFF	33
2062	#FFFFFF	15
2063	#FFFFFF	15
2064	#FFFFFF	15
2065	#FFFFFF	33
2066	#FFFFFF	36
2067	#FFFFFF	36
2068	#FFFFFF	36
2069	#FFFFFF	36
2070	#FFFFFF	36
2071	#FFFFFF	68
2072	#FFFFFF	68
2073	#FFFFFF	68
2074	#FFFFFF	36
2075	#FFFFFF	36
2076	#FFFFFF	36
2077	#FFFFFF	36
2078	#FFFFFF	36
2079	#FFFFFF	36
2080	#FFFFFF	36
2081	#FFFFFF	36
2082	#FFFFFF	36
2083	#FFFFFF	36
2084	#FFFFFF	68
2085	#FFFFFF	36
2086	#FFFFFF	36
2087	#FFFFFF	36
2088	#FFFFFF	36
2089	#FFFFFF	36
2090	#FFFFFF	36
2091	#FFFFFF	15
2092	#FFFFFF	15
2093	#FFFFFF	15
2094	#FFFFFF	15
2095	#FFFFFF	36
2096	#FFFFFF	15
2097	#FFFFFF	15
2098	#FFFFFF	15
2099	#FFFFFF	15
2100	#FFFFFF	15
2104	#FFFFFF	33
2105	#FFFFFF	33
2106	#FFFFFF	36
2107	#FFFFFF	15
2108	#FFFFFF	15
2109	#FFFFFF	33
2110	#FFFFFF	33
2111	#FFFFFF	15
2112	#FFFFFF	15
2113	#FFFFFF	33
2114	#FFFFFF	33
2115	#FFFFFF	15
2116	#FFFFFF	15
2117	#FFFFFF	36
2118	#FFFFFF	36
2119	#FFFFFF	36
2120	#FFFFFF	36
2121	#FFFFFF	36
2122	#FFFFFF	68
2123	#FFFFFF	68
2124	#FFFFFF	68
2125	#FFFFFF	36
2126	#FFFFFF	36
2127	#FFFFFF	36
2128	#FFFFFF	36
2129	#FFFFFF	36
2130	#FFFFFF	36
2131	#FFFFFF	36
2132	#FFFFFF	36
2133	#FFFFFF	36
2134	#FFFFFF	36
2135	#FFFFFF	36
2136	#FFFFFF	36
2137	#FFFFFF	36
2138	#FFFFFF	36
2139	#FFFFFF	36
2140	#FFFFFF	36
2141	#FFFFFF	36
2142	#FFFFFF	15
2143	#FFFFFF	15
2144	#FFFFFF	15
2145	#FFFFFF	15
2146	#FFFFFF	36
2147	#FFFFFF	15
2148	#FFFFFF	15
2150	#FFFFFF	15
2152	#FFFFFF	15
2153	#FFFFFF	33
2155	#FFFFFF	33
2156	#FFFFFF	15
2157	#FFFFFF	36
2158	#FFFFFF	15
2159	#FFFFFF	15
2160	#FFFFFF	33
2162	#FFFFFF	33
2163	#FFFFFF	33
2164	#FFFFFF	33
2165	#FFFFFF	33
2166	#FFFFFF	15
2167	#FFFFFF	36
2168	#FFFFFF	36
2169	#FFFFFF	36
2170	#FFFFFF	36
2171	#FFFFFF	36
2172	#FFFFFF	36
2173	#FFFFFF	36
2174	#FFFFFF	36
2175	#FFFFFF	36
2176	#FFFFFF	36
2177	#FFFFFF	36
2178	#FFFFFF	36
2179	#FFFFFF	36
2180	#FFFFFF	36
2181	#FFFFFF	36
2182	#FFFFFF	36
2183	#FFFFFF	36
2184	#FFFFFF	36
2185	#FFFFFF	68
2186	#FFFFFF	36
2187	#FFFFFF	36
2188	#FFFFFF	36
2189	#FFFFFF	36
2190	#FFFFFF	36
2191	#FFFFFF	36
2192	#FFFFFF	36
2193	#FFFFFF	15
2194	#FFFFFF	15
2195	#FFFFFF	15
2196	#FFFFFF	36
2197	#FFFFFF	15
2198	#FFFFFF	15
2199	#FFFFFF	15
2202	#FFFFFF	15
2206	#FFFFFF	15
2207	#FFFFFF	36
2209	#FFFFFF	33
2210	#FFFFFF	33
2211	#FFFFFF	15
2212	#FFFFFF	33
2213	#FFFFFF	33
2214	#FFFFFF	33
2216	#FFFFFF	33
2217	#FFFFFF	33
2218	#FFFFFF	36
2219	#FFFFFF	36
2220	#FFFFFF	36
2221	#FFFFFF	36
2222	#FFFFFF	36
2223	#FFFFFF	36
2224	#FFFFFF	36
2225	#FFFFFF	36
2226	#FFFFFF	36
2227	#FFFFFF	36
2228	#FFFFFF	36
2229	#FFFFFF	36
2230	#FFFFFF	36
2231	#FFFFFF	36
2232	#FFFFFF	36
2233	#FFFFFF	36
2234	#FFFFFF	36
2235	#FFFFFF	36
2236	#FFFFFF	36
2237	#FFFFFF	36
2238	#FFFFFF	36
2239	#FFFFFF	36
2240	#FFFFFF	36
2241	#FFFFFF	36
2242	#FFFFFF	36
2243	#FFFFFF	15
2244	#FFFFFF	15
2245	#FFFFFF	15
2246	#FFFFFF	15
2247	#FFFFFF	36
2248	#FFFFFF	15
2249	#FFFFFF	15
2251	#FFFFFF	15
2252	#FFFFFF	15
2253	#FFFFFF	15
2254	#FFFFFF	15
2255	#FFFFFF	33
2257	#FFFFFF	33
2258	#FFFFFF	36
2259	#FFFFFF	33
2260	#FFFFFF	33
2263	#FFFFFF	33
2264	#FFFFFF	33
2265	#FFFFFF	33
2266	#FFFFFF	33
2267	#FFFFFF	33
2268	#FFFFFF	36
2269	#FFFFFF	36
2270	#FFFFFF	36
2271	#FFFFFF	36
2272	#FFFFFF	36
2273	#FFFFFF	68
2274	#FFFFFF	68
2275	#FFFFFF	68
2276	#FFFFFF	68
2277	#FFFFFF	68
2278	#FFFFFF	15
2279	#FFFFFF	68
2280	#FFFFFF	68
2281	#FFFFFF	68
2282	#FFFFFF	68
2283	#FFFFFF	68
2284	#FFFFFF	15
2286	#FFFFFF	68
2287	#FFFFFF	68
2288	#FFFFFF	15
2289	#FFFFFF	68
2290	#FFFFFF	68
2291	#FFFFFF	15
2292	#FFFFFF	15
2293	#FFFFFF	15
2294	#FFFFFF	15
2295	#FFFFFF	15
2297	#FFFFFF	68
2298	#FFFFFF	15
2299	#FFFFFF	15
2300	#FFFFFF	15
2301	#FFFFFF	15
2302	#FFFFFF	15
2303	#FFFFFF	15
2304	#FFFFFF	15
2305	#FFFFFF	15
2306	#FFFFFF	15
2307	#FFFFFF	15
2308	#FFFFFF	68
2309	#FFFFFF	15
2310	#FFFFFF	15
2311	#FFFFFF	15
2312	#FFFFFF	15
2314	#FFFFFF	15
2316	#FFFFFF	15
2317	#FFFFFF	15
2319	#FFFFFF	68
2320	#FFFFFF	68
2321	#FFFFFF	68
2322	#FFFFFF	15
2323	#FFFFFF	68
2324	#FFFFFF	68
2325	#FFFFFF	68
2326	#FFFFFF	68
2327	#FFFFFF	68
2328	#FFFFFF	15
2330	#FFFFFF	15
2331	#FFFFFF	68
2332	#FFFFFF	68
2333	#FFFFFF	15
2334	#FFFFFF	15
2335	#FFFFFF	15
2336	#FFFFFF	68
2337	#FFFFFF	68
2338	#FFFFFF	68
2339	#FFFFFF	68
2340	#FFFFFF	15
2341	#FFFFFF	15
2342	#FFFFFF	15
2343	#FFFFFF	15
2344	#FFFFFF	15
2345	#FFFFFF	15
2346	#FFFFFF	15
2347	#FFFFFF	15
2348	#FFFFFF	68
2349	#FFFFFF	15
2350	#FFFFFF	15
2351	#FFFFFF	15
2352	#FFFFFF	15
2353	#FFFFFF	15
2354	#FFFFFF	15
2355	#FFFFFF	15
2356	#FFFFFF	15
2357	#FFFFFF	15
2358	#FFFFFF	15
2359	#FFFFFF	68
2360	#FFFFFF	15
2361	#FFFFFF	15
2362	#FFFFFF	15
2363	#FFFFFF	15
2364	#FFFFFF	15
2365	#FFFFFF	15
2367	#FFFFFF	15
2368	#FFFFFF	15
2369	#FFFFFF	68
2370	#FFFFFF	68
2371	#FFFFFF	68
2372	#FFFFFF	68
2373	#FFFFFF	68
2374	#FFFFFF	36
2375	#FFFFFF	36
2376	#FFFFFF	36
2377	#FFFFFF	36
2378	#FFFFFF	36
2379	#FFFFFF	36
2380	#FFFFFF	36
2381	#FFFFFF	36
2382	#FFFFFF	36
2383	#FFFFFF	36
2384	#FFFFFF	36
2385	#FFFFFF	36
2386	#FFFFFF	36
2387	#FFFFFF	36
2388	#FFFFFF	36
2389	#FFFFFF	36
2390	#FFFFFF	36
2391	#FFFFFF	36
2392	#FFFFFF	36
2393	#FFFFFF	36
2394	#FFFFFF	15
2395	#FFFFFF	15
2396	#FFFFFF	15
2397	#FFFFFF	15
2398	#FFFFFF	36
2399	#FFFFFF	15
2400	#FFFFFF	15
2401	#FFFFFF	15
2402	#FFFFFF	15
2403	#FFFFFF	15
2404	#FFFFFF	15
2405	#FFFFFF	15
2406	#FFFFFF	15
2409	#FFFFFF	36
2410	#FFFFFF	33
2411	#FFFFFF	33
2412	#FFFFFF	33
2413	#FFFFFF	33
2414	#FFFFFF	33
2415	#FFFFFF	33
2416	#FFFFFF	33
2417	#FFFFFF	33
2418	#FFFFFF	33
2419	#FFFFFF	33
2420	#FFFFFF	36
2421	#FFFFFF	36
2422	#FFFFFF	36
2423	#FFFFFF	36
2424	#FFFFFF	36
2425	#FFFFFF	36
2426	#FFFFFF	36
2427	#FFFFFF	36
2428	#FFFFFF	36
2429	#FFFFFF	36
2430	#FFFFFF	36
2431	#FFFFFF	36
2432	#FFFFFF	36
2433	#FFFFFF	36
2434	#FFFFFF	36
2435	#FFFFFF	36
2436	#FFFFFF	36
2437	#FFFFFF	36
2438	#FFFFFF	36
2439	#FFFFFF	36
2440	#FFFFFF	36
2441	#FFFFFF	36
2442	#FFFFFF	36
2443	#FFFFFF	36
2444	#FFFFFF	36
2445	#FFFFFF	15
2446	#FFFFFF	33
2448	#FFFFFF	15
2449	#FFFFFF	36
2450	#FFFFFF	15
2451	#FFFFFF	15
2452	#FFFFFF	15
2453	#FFFFFF	33
2455	#FFFFFF	33
2457	#FFFFFF	15
2460	#FFFFFF	36
2461	#FFFFFF	33
2462	#FFFFFF	33
2463	#FFFFFF	33
2464	#FFFFFF	33
2465	#FFFFFF	33
2466	#FFFFFF	33
2467	#FFFFFF	33
2468	#FFFFFF	33
2469	#FFFFFF	33
2470	#FFFFFF	36
2471	#FFFFFF	36
2472	#FFFFFF	36
2473	#FFFFFF	36
2474	#FFFFFF	36
2475	#FFFFFF	36
2476	#FFFFFF	36
2477	#FFFFFF	36
2478	#FFFFFF	36
2479	#FFFFFF	36
2480	#FFFFFF	36
2481	#FFFFFF	36
2482	#FFFFFF	36
2483	#FFFFFF	36
2484	#FFFFFF	36
2485	#FFFFFF	36
2486	#FFFFFF	36
2487	#FFFFFF	36
2488	#FFFFFF	36
2489	#FFFFFF	36
2490	#FFFFFF	36
2491	#FFFFFF	36
2492	#FFFFFF	33
2493	#FFFFFF	36
2494	#FFFFFF	36
2495	#FFFFFF	15
2496	#FFFFFF	33
2497	#FFFFFF	33
2498	#FFFFFF	15
2499	#FFFFFF	36
2500	#FFFFFF	15
2501	#FFFFFF	15
2502	#FFFFFF	15
2503	#FFFFFF	15
2504	#FFFFFF	33
2505	#FFFFFF	15
2507	#FFFFFF	15
2508	#FFFFFF	15
2510	#FFFFFF	36
2512	#FFFFFF	33
2513	#FFFFFF	33
2514	#FFFFFF	33
2515	#FFFFFF	33
2516	#FFFFFF	33
2517	#FFFFFF	33
2518	#FFFFFF	33
2519	#FFFFFF	33
2520	#FFFFFF	33
2521	#FFFFFF	36
2522	#FFFFFF	36
2523	#FFFFFF	36
2524	#FFFFFF	36
2525	#FFFFFF	36
2526	#FFFFFF	36
2527	#FFFFFF	36
2528	#FFFFFF	36
2529	#FFFFFF	36
2530	#FFFFFF	36
2531	#FFFFFF	36
2532	#FFFFFF	36
2533	#FFFFFF	36
2534	#FFFFFF	36
2535	#FFFFFF	36
2536	#FFFFFF	36
2537	#FFFFFF	36
2538	#FFFFFF	36
2539	#FFFFFF	36
2540	#FFFFFF	33
2541	#FFFFFF	33
2542	#FFFFFF	33
2543	#FFFFFF	33
2544	#FFFFFF	36
2545	#FFFFFF	15
2546	#FFFFFF	15
2547	#FFFFFF	33
2548	#FFFFFF	15
2549	#FFFFFF	15
2550	#FFFFFF	36
2551	#FFFFFF	15
2552	#FFFFFF	15
2553	#FFFFFF	15
2554	#FFFFFF	33
2555	#FFFFFF	33
2557	#FFFFFF	33
2558	#FFFFFF	15
2561	#FFFFFF	36
2563	#FFFFFF	33
2564	#FFFFFF	33
2565	#FFFFFF	33
2566	#FFFFFF	33
2567	#FFFFFF	33
2568	#FFFFFF	33
2569	#FFFFFF	33
2571	#FFFFFF	36
2572	#FFFFFF	36
2573	#FFFFFF	36
2574	#FFFFFF	36
2575	#FFFFFF	36
2576	#FFFFFF	36
2577	#FFFFFF	36
2578	#FFFFFF	36
2579	#FFFFFF	36
2580	#FFFFFF	36
2581	#FFFFFF	36
2582	#FFFFFF	36
2583	#FFFFFF	36
2584	#FFFFFF	36
2585	#FFFFFF	36
2586	#FFFFFF	36
2587	#FFFFFF	36
2588	#FFFFFF	36
2589	#FFFFFF	36
2590	#FFFFFF	36
2591	#FFFFFF	33
2592	#FFFFFF	33
2593	#FFFFFF	33
2594	#FFFFFF	36
2595	#FFFFFF	33
2596	#FFFFFF	15
2597	#FFFFFF	33
2598	#FFFFFF	15
2599	#FFFFFF	15
2600	#FFFFFF	36
2601	#FFFFFF	15
2602	#FFFFFF	15
2603	#FFFFFF	15
2604	#FFFFFF	33
2605	#FFFFFF	33
2611	#FFFFFF	36
2612	#FFFFFF	33
2614	#FFFFFF	33
2615	#FFFFFF	33
2616	#FFFFFF	33
2617	#FFFFFF	33
2618	#FFFFFF	33
2619	#FFFFFF	33
2620	#FFFFFF	33
2622	#FFFFFF	36
2623	#FFFFFF	36
2624	#FFFFFF	36
2625	#FFFFFF	36
2626	#FFFFFF	36
2627	#FFFFFF	36
2628	#FFFFFF	36
2629	#FFFFFF	36
2630	#FFFFFF	36
2631	#FFFFFF	36
2632	#FFFFFF	36
2633	#FFFFFF	36
2634	#FFFFFF	36
2635	#FFFFFF	36
2636	#FFFFFF	36
2637	#FFFFFF	36
2638	#FFFFFF	36
2639	#FFFFFF	36
2640	#FFFFFF	36
2641	#FFFFFF	33
2642	#FFFFFF	33
2643	#FFFFFF	33
2644	#FFFFFF	33
2645	#FFFFFF	33
2646	#FFFFFF	15
2648	#FFFFFF	15
2649	#FFFFFF	33
2650	#FFFFFF	15
2651	#FFFFFF	36
2652	#FFFFFF	15
2654	#FFFFFF	33
2655	#FFFFFF	33
2656	#FFFFFF	33
2657	#FFFFFF	33
2660	#FFFFFF	15
2661	#FFFFFF	33
2662	#FFFFFF	36
2663	#FFFFFF	33
2665	#FFFFFF	33
2666	#FFFFFF	33
2667	#FFFFFF	33
2668	#FFFFFF	33
2669	#FFFFFF	33
2670	#FFFFFF	33
2671	#FFFFFF	33
2672	#FFFFFF	36
2673	#FFFFFF	36
2674	#FFFFFF	36
2675	#FFFFFF	36
2676	#FFFFFF	36
2677	#FFFFFF	36
2678	#FFFFFF	36
2679	#FFFFFF	36
2680	#FFFFFF	36
2681	#FFFFFF	36
2682	#FFFFFF	36
2683	#FFFFFF	36
2684	#FFFFFF	36
2685	#FFFFFF	36
2686	#FFFFFF	36
2687	#FFFFFF	36
2688	#FFFFFF	36
2689	#FFFFFF	36
2690	#FFFFFF	36
2691	#FFFFFF	36
2692	#FFFFFF	33
2693	#FFFFFF	33
2694	#FFFFFF	33
2695	#FFFFFF	33
2696	#FFFFFF	33
2697	#FFFFFF	33
2698	#FFFFFF	15
2699	#FFFFFF	33
2700	#FFFFFF	15
2701	#FFFFFF	36
2702	#FFFFFF	15
2704	#FFFFFF	15
2705	#FFFFFF	15
2706	#FFFFFF	15
2707	#FFFFFF	33
2708	#FFFFFF	15
2709	#FFFFFF	15
2710	#FFFFFF	33
2711	#FFFFFF	33
2712	#FFFFFF	36
2713	#FFFFFF	33
2714	#FFFFFF	33
2716	#FFFFFF	33
2717	#FFFFFF	33
2718	#FFFFFF	33
2720	#FFFFFF	33
2721	#FFFFFF	33
2722	#FFFFFF	33
2723	#FFFFFF	36
2724	#FFFFFF	36
2725	#FFFFFF	36
2726	#FFFFFF	36
2727	#FFFFFF	36
2728	#FFFFFF	36
2729	#FFFFFF	36
2730	#FFFFFF	36
2731	#FFFFFF	36
2732	#FFFFFF	36
2733	#FFFFFF	36
2735	#FFFFFF	36
2736	#FFFFFF	36
2737	#FFFFFF	36
2738	#FFFFFF	36
2739	#FFFFFF	36
2740	#FFFFFF	36
2741	#FFFFFF	36
2742	#FFFFFF	33
2743	#FFFFFF	33
2744	#FFFFFF	33
2745	#FFFFFF	33
2746	#FFFFFF	33
2747	#FFFFFF	33
2748	#FFFFFF	33
2749	#FFFFFF	15
2750	#FFFFFF	33
2751	#FFFFFF	15
2752	#FFFFFF	36
2753	#FFFFFF	15
2754	#FFFFFF	15
2755	#FFFFFF	15
2756	#FFFFFF	15
2757	#FFFFFF	15
2758	#FFFFFF	33
2760	#FFFFFF	33
2761	#FFFFFF	33
2763	#FFFFFF	36
2764	#FFFFFF	33
2765	#FFFFFF	33
2767	#FFFFFF	33
2768	#FFFFFF	33
2769	#FFFFFF	33
2770	#FFFFFF	33
2771	#FFFFFF	33
2772	#FFFFFF	33
2773	#FFFFFF	36
2774	#FFFFFF	36
2775	#FFFFFF	36
2776	#FFFFFF	36
2777	#FFFFFF	36
2778	#FFFFFF	36
2779	#FFFFFF	36
2780	#FFFFFF	36
2781	#FFFFFF	36
2782	#FFFFFF	36
2784	#FFFFFF	36
2786	#FFFFFF	36
2787	#FFFFFF	36
2788	#FFFFFF	33
2789	#FFFFFF	36
2790	#FFFFFF	36
2791	#FFFFFF	36
2792	#FFFFFF	33
2793	#FFFFFF	33
2794	#FFFFFF	33
2795	#FFFFFF	33
2796	#FFFFFF	33
2797	#FFFFFF	33
2798	#FFFFFF	33
2799	#FFFFFF	33
2800	#FFFFFF	33
2801	#FFFFFF	15
2802	#FFFFFF	36
2803	#FFFFFF	15
2804	#FFFFFF	33
2805	#FFFFFF	15
2806	#FFFFFF	15
2807	#FFFFFF	15
2808	#FFFFFF	33
2809	#FFFFFF	15
2810	#FFFFFF	33
2811	#FFFFFF	33
2813	#FFFFFF	36
2814	#FFFFFF	33
2815	#FFFFFF	33
2816	#FFFFFF	33
2818	#FFFFFF	33
2819	#FFFFFF	33
2820	#FFFFFF	33
2821	#FFFFFF	33
2822	#FFFFFF	33
2823	#FFFFFF	33
2824	#FFFFFF	36
2825	#FFFFFF	36
2826	#FFFFFF	36
2827	#FFFFFF	36
2828	#FFFFFF	36
2829	#FFFFFF	36
2830	#FFFFFF	36
2831	#FFFFFF	36
2832	#FFFFFF	36
2833	#FFFFFF	36
2834	#FFFFFF	36
2835	#FFFFFF	36
2836	#FFFFFF	36
2837	#FFFFFF	36
2838	#FFFFFF	33
2839	#FFFFFF	33
2840	#FFFFFF	33
2841	#FFFFFF	36
2842	#FFFFFF	36
2843	#FFFFFF	33
2844	#FFFFFF	33
2845	#FFFFFF	33
2846	#FFFFFF	33
2847	#FFFFFF	33
2849	#FFFFFF	33
2850	#FFFFFF	33
2851	#FFFFFF	33
2852	#FFFFFF	15
2853	#FFFFFF	36
2854	#FFFFFF	33
2855	#FFFFFF	15
2856	#FFFFFF	15
2857	#FFFFFF	15
2858	#FFFFFF	33
2859	#FFFFFF	33
2860	#FFFFFF	33
2862	#FFFFFF	33
2863	#FFFFFF	33
2864	#FFFFFF	36
2865	#FFFFFF	33
2866	#FFFFFF	33
2867	#FFFFFF	33
2868	#FFFFFF	33
2869	#FFFFFF	33
2870	#FFFFFF	33
2871	#FFFFFF	33
2872	#FFFFFF	33
2873	#FFFFFF	33
2874	#FFFFFF	36
2875	#FFFFFF	36
2876	#FFFFFF	36
2877	#FFFFFF	36
2878	#FFFFFF	36
2879	#FFFFFF	36
2880	#FFFFFF	36
2881	#FFFFFF	36
2882	#FFFFFF	36
2883	#FFFFFF	36
2884	#FFFFFF	36
2885	#FFFFFF	36
2886	#FFFFFF	36
2887	#FFFFFF	33
2888	#FFFFFF	36
2889	#FFFFFF	36
2890	#FFFFFF	33
2891	#FFFFFF	33
2892	#FFFFFF	36
2893	#FFFFFF	33
2894	#FFFFFF	33
2895	#FFFFFF	33
2896	#FFFFFF	33
2897	#FFFFFF	33
2898	#FFFFFF	33
2899	#FFFFFF	33
2900	#FFFFFF	33
2901	#FFFFFF	33
2902	#FFFFFF	15
2903	#FFFFFF	36
2904	#FFFFFF	33
2905	#FFFFFF	15
2906	#FFFFFF	15
2907	#FFFFFF	15
2908	#FFFFFF	15
2909	#FFFFFF	33
2910	#FFFFFF	33
2911	#FFFFFF	33
2912	#FFFFFF	33
2913	#FFFFFF	33
2914	#FFFFFF	36
2915	#FFFFFF	33
2916	#FFFFFF	33
2918	#FFFFFF	33
2919	#FFFFFF	33
2921	#FFFFFF	33
2922	#FFFFFF	33
2923	#FFFFFF	33
2924	#FFFFFF	33
2925	#FFFFFF	36
2926	#FFFFFF	36
2927	#FFFFFF	36
2928	#FFFFFF	36
2929	#FFFFFF	36
2930	#FFFFFF	36
2931	#FFFFFF	36
2932	#FFFFFF	36
2933	#FFFFFF	36
2934	#FFFFFF	36
2935	#FFFFFF	36
2936	#FFFFFF	36
2939	#FFFFFF	36
2940	#FFFFFF	36
2941	#FFFFFF	33
2942	#FFFFFF	33
2943	#FFFFFF	36
2944	#FFFFFF	33
2945	#FFFFFF	33
2946	#FFFFFF	33
2947	#FFFFFF	33
2949	#FFFFFF	33
2950	#FFFFFF	33
2951	#FFFFFF	33
2952	#FFFFFF	33
2953	#FFFFFF	33
2954	#FFFFFF	36
2955	#FFFFFF	33
2956	#FFFFFF	15
2957	#FFFFFF	15
2958	#FFFFFF	15
2959	#FFFFFF	15
2961	#FFFFFF	33
2962	#FFFFFF	33
2963	#FFFFFF	33
2964	#FFFFFF	33
2965	#FFFFFF	36
2966	#FFFFFF	33
2967	#FFFFFF	33
2968	#FFFFFF	33
2969	#FFFFFF	33
2971	#FFFFFF	33
2972	#FFFFFF	33
2973	#FFFFFF	33
2974	#FFFFFF	33
2975	#FFFFFF	36
2976	#FFFFFF	36
2977	#FFFFFF	36
2978	#FFFFFF	36
2979	#FFFFFF	36
2980	#FFFFFF	36
2981	#FFFFFF	36
2982	#FFFFFF	36
2983	#FFFFFF	36
2984	#FFFFFF	36
2985	#FFFFFF	36
2986	#FFFFFF	36
2987	#FFFFFF	36
2988	#FFFFFF	36
2990	#FFFFFF	36
2991	#FFFFFF	33
2992	#FFFFFF	33
2993	#FFFFFF	36
2994	#FFFFFF	33
2995	#FFFFFF	33
2996	#FFFFFF	33
2997	#FFFFFF	33
2998	#FFFFFF	33
2999	#FFFFFF	33
3000	#FFFFFF	33
3001	#FFFFFF	33
3002	#FFFFFF	33
3003	#FFFFFF	33
3004	#FFFFFF	36
3005	#FFFFFF	33
3006	#FFFFFF	33
3007	#FFFFFF	15
3008	#FFFFFF	15
3009	#FFFFFF	15
3011	#FFFFFF	33
3012	#FFFFFF	33
3013	#FFFFFF	33
3014	#FFFFFF	33
3015	#FFFFFF	36
3016	#FFFFFF	33
3017	#FFFFFF	33
3018	#FFFFFF	33
3019	#FFFFFF	33
3020	#FFFFFF	33
3022	#FFFFFF	33
3023	#FFFFFF	33
3024	#FFFFFF	33
3026	#FFFFFF	36
3027	#FFFFFF	36
3028	#FFFFFF	36
3029	#FFFFFF	36
3030	#FFFFFF	36
3031	#FFFFFF	36
3032	#FFFFFF	36
3033	#FFFFFF	36
3034	#FFFFFF	36
3035	#FFFFFF	36
3036	#FFFFFF	36
3037	#FFFFFF	36
3038	#FFFFFF	36
3039	#FFFFFF	36
3041	#FFFFFF	33
3042	#FFFFFF	33
3043	#FFFFFF	33
3044	#FFFFFF	36
3045	#FFFFFF	33
3046	#FFFFFF	33
3047	#FFFFFF	33
3048	#FFFFFF	33
3049	#FFFFFF	33
3050	#FFFFFF	33
3051	#FFFFFF	33
3052	#FFFFFF	33
3054	#FFFFFF	33
3055	#FFFFFF	36
3056	#FFFFFF	33
3057	#FFFFFF	33
3058	#FFFFFF	15
3059	#FFFFFF	15
3060	#FFFFFF	33
3061	#FFFFFF	15
3062	#FFFFFF	33
3063	#FFFFFF	33
3064	#FFFFFF	135
3065	#FFFFFF	33
3066	#FFFFFF	36
3067	#FFFFFF	135
3068	#FFFFFF	33
3069	#FFFFFF	33
3070	#FFFFFF	33
3073	#FFFFFF	33
3074	#FFFFFF	33
3075	#FFFFFF	33
3076	#FFFFFF	36
3077	#FFFFFF	36
3078	#FFFFFF	36
3079	#FFFFFF	36
3081	#FFFFFF	36
3082	#FFFFFF	36
3083	#FFFFFF	36
3084	#FFFFFF	36
3085	#FFFFFF	36
3086	#FFFFFF	36
3087	#FFFFFF	36
3088	#FFFFFF	36
3090	#FFFFFF	36
3091	#FFFFFF	33
3092	#FFFFFF	33
3093	#FFFFFF	33
3094	#FFFFFF	36
3095	#FFFFFF	33
3096	#FFFFFF	33
3097	#FFFFFF	33
3098	#FFFFFF	33
3099	#FFFFFF	33
3100	#FFFFFF	33
3101	#FFFFFF	33
3102	#FFFFFF	33
3103	#FFFFFF	33
3104	#FFFFFF	33
3105	#FFFFFF	36
3107	#FFFFFF	33
3108	#FFFFFF	15
3109	#FFFFFF	33
3110	#FFFFFF	15
3111	#FFFFFF	33
3112	#FFFFFF	15
3113	#FFFFFF	33
3114	#FFFFFF	135
3115	#FFFFFF	135
3116	#FFFFFF	36
3117	#FFFFFF	135
3118	#FFFFFF	135
3119	#FFFFFF	33
3120	#FFFFFF	33
3121	#FFFFFF	33
3124	#FFFFFF	33
3125	#FFFFFF	33
3126	#FFFFFF	33
3127	#FFFFFF	36
3128	#FFFFFF	36
3129	#FFFFFF	36
3130	#FFFFFF	36
3132	#FFFFFF	36
3133	#FFFFFF	36
3134	#FFFFFF	36
3136	#FFFFFF	36
3137	#FFFFFF	36
3138	#FFFFFF	36
3140	#FFFFFF	36
3141	#FFFFFF	135
3142	#FFFFFF	33
3143	#FFFFFF	33
3144	#FFFFFF	33
3145	#FFFFFF	36
3146	#FFFFFF	33
3147	#FFFFFF	33
3148	#FFFFFF	33
3149	#FFFFFF	33
3150	#FFFFFF	33
3151	#FFFFFF	33
3152	#FFFFFF	33
3154	#FFFFFF	33
3155	#FFFFFF	33
3156	#FFFFFF	36
3157	#FFFFFF	33
3158	#FFFFFF	33
3159	#FFFFFF	15
3160	#FFFFFF	33
3161	#FFFFFF	33
3162	#FFFFFF	15
3163	#FFFFFF	33
3164	#FFFFFF	33
3165	#FFFFFF	135
3166	#FFFFFF	135
3167	#FFFFFF	36
3168	#FFFFFF	135
3169	#FFFFFF	135
3170	#FFFFFF	33
3171	#FFFFFF	33
3175	#FFFFFF	33
3176	#FFFFFF	33
3177	#FFFFFF	36
3178	#FFFFFF	36
3179	#FFFFFF	36
3180	#FFFFFF	36
3181	#FFFFFF	36
3182	#FFFFFF	36
3183	#FFFFFF	36
3184	#FFFFFF	36
3185	#FFFFFF	36
3187	#FFFFFF	36
3188	#FFFFFF	36
3189	#FFFFFF	36
3190	#FFFFFF	36
3191	#FFFFFF	36
3192	#FFFFFF	135
3193	#FFFFFF	33
3194	#FFFFFF	33
3195	#FFFFFF	36
3196	#FFFFFF	33
3197	#FFFFFF	33
3198	#FFFFFF	33
3199	#FFFFFF	33
3200	#FFFFFF	33
3201	#FFFFFF	33
3202	#FFFFFF	33
3203	#FFFFFF	33
3204	#FFFFFF	33
3205	#FFFFFF	33
3206	#FFFFFF	36
3207	#FFFFFF	33
3208	#FFFFFF	33
3209	#FFFFFF	33
3211	#FFFFFF	33
3212	#FFFFFF	33
3213	#FFFFFF	33
3214	#FFFFFF	33
3215	#FFFFFF	33
3216	#FFFFFF	135
3217	#FFFFFF	36
3218	#FFFFFF	135
3219	#FFFFFF	135
3220	#FFFFFF	33
3221	#FFFFFF	135
3222	#FFFFFF	33
3226	#FFFFFF	33
3227	#FFFFFF	33
3228	#FFFFFF	36
3229	#FFFFFF	36
3230	#FFFFFF	36
3231	#FFFFFF	36
3232	#FFFFFF	36
3233	#FFFFFF	36
3234	#FFFFFF	36
3235	#FFFFFF	36
3236	#FFFFFF	36
3238	#FFFFFF	36
3239	#FFFFFF	36
3240	#FFFFFF	36
3241	#FFFFFF	135
3242	#FFFFFF	135
3243	#FFFFFF	135
3244	#FFFFFF	33
3245	#FFFFFF	135
3246	#FFFFFF	36
3247	#FFFFFF	33
3248	#FFFFFF	33
3249	#FFFFFF	33
3250	#FFFFFF	33
3251	#FFFFFF	33
3252	#FFFFFF	33
3253	#FFFFFF	33
3254	#FFFFFF	33
3256	#FFFFFF	33
3257	#FFFFFF	36
3258	#FFFFFF	33
3259	#FFFFFF	33
3260	#FFFFFF	33
3261	#FFFFFF	33
3262	#FFFFFF	33
3263	#FFFFFF	33
3264	#FFFFFF	33
3265	#FFFFFF	33
3266	#FFFFFF	135
3267	#FFFFFF	135
3268	#FFFFFF	36
3269	#FFFFFF	135
3271	#FFFFFF	135
3272	#FFFFFF	135
3274	#FFFFFF	33
3276	#FFFFFF	33
3277	#FFFFFF	33
3278	#FFFFFF	36
3279	#FFFFFF	36
3280	#FFFFFF	36
3281	#FFFFFF	36
3283	#FFFFFF	36
3284	#FFFFFF	36
3285	#FFFFFF	36
3286	#FFFFFF	36
3287	#FFFFFF	36
3288	#FFFFFF	36
3289	#FFFFFF	36
3290	#FFFFFF	36
3291	#FFFFFF	36
3292	#FFFFFF	135
3293	#FFFFFF	135
3294	#FFFFFF	135
3295	#FFFFFF	135
3296	#FFFFFF	36
3297	#FFFFFF	33
3298	#FFFFFF	33
3299	#FFFFFF	135
3300	#FFFFFF	33
3301	#FFFFFF	33
3302	#FFFFFF	33
3303	#FFFFFF	33
3304	#FFFFFF	33
3305	#FFFFFF	33
3307	#FFFFFF	36
3308	#FFFFFF	33
3309	#FFFFFF	33
3310	#FFFFFF	33
3311	#FFFFFF	33
3312	#FFFFFF	33
3313	#FFFFFF	33
3314	#FFFFFF	33
3315	#FFFFFF	33
3316	#FFFFFF	135
3317	#FFFFFF	135
3318	#FFFFFF	36
3319	#FFFFFF	135
3320	#FFFFFF	135
3321	#FFFFFF	135
3323	#FFFFFF	33
3324	#FFFFFF	33
3325	#FFFFFF	33
3327	#FFFFFF	33
3328	#FFFFFF	33
3329	#FFFFFF	36
3330	#FFFFFF	36
3331	#FFFFFF	36
3332	#FFFFFF	36
3333	#FFFFFF	36
3334	#FFFFFF	36
3335	#FFFFFF	36
3336	#FFFFFF	36
3339	#FFFFFF	36
3340	#FFFFFF	36
3341	#FFFFFF	36
3342	#FFFFFF	36
3343	#FFFFFF	135
3344	#FFFFFF	135
3345	#FFFFFF	135
3346	#FFFFFF	135
3347	#FFFFFF	36
3348	#FFFFFF	33
3349	#FFFFFF	33
3351	#FFFFFF	33
3352	#FFFFFF	33
3353	#FFFFFF	33
3354	#FFFFFF	33
3356	#FFFFFF	33
3357	#FFFFFF	33
3358	#FFFFFF	36
3359	#FFFFFF	135
3360	#FFFFFF	135
3361	#FFFFFF	33
3362	#FFFFFF	33
3363	#FFFFFF	33
3364	#FFFFFF	33
3365	#FFFFFF	135
3366	#FFFFFF	135
3367	#FFFFFF	135
3368	#FFFFFF	135
3369	#FFFFFF	36
3370	#FFFFFF	135
3371	#FFFFFF	135
3373	#FFFFFF	135
3374	#FFFFFF	135
3375	#FFFFFF	33
3376	#FFFFFF	33
3377	#FFFFFF	33
3380	#FFFFFF	36
3381	#FFFFFF	36
3384	#FFFFFF	68
3385	#FFFFFF	68
3386	#FFFFFF	68
3387	#FFFFFF	68
3388	#FFFFFF	68
3389	#FFFFFF	15
3390	#FFFFFF	15
3391	#FFFFFF	15
3392	#FFFFFF	68
3393	#FFFFFF	68
3394	#FFFFFF	15
3395	#FFFFFF	15
3396	#FFFFFF	68
3397	#FFFFFF	68
3398	#FFFFFF	68
3399	#FFFFFF	68
3400	#FFFFFF	15
3401	#FFFFFF	15
3402	#FFFFFF	15
3403	#FFFFFF	15
3404	#FFFFFF	15
3405	#FFFFFF	15
3406	#FFFFFF	15
3407	#FFFFFF	15
3408	#FFFFFF	68
3410	#FFFFFF	15
3411	#FFFFFF	15
3412	#FFFFFF	15
3413	#FFFFFF	15
3414	#FFFFFF	15
3415	#FFFFFF	15
3416	#FFFFFF	15
3417	#FFFFFF	15
3418	#FFFFFF	15
3419	#FFFFFF	68
3420	#FFFFFF	15
3422	#FFFFFF	15
3423	#FFFFFF	15
3424	#FFFFFF	15
3426	#FFFFFF	15
3427	#FFFFFF	15
3429	#FFFFFF	15
3430	#FFFFFF	68
3431	#FFFFFF	68
3432	#FFFFFF	68
3433	#FFFFFF	68
3434	#FFFFFF	68
3435	#FFFFFF	68
3436	#FFFFFF	68
3437	#FFFFFF	68
3438	#FFFFFF	68
3439	#FFFFFF	68
3440	#FFFFFF	15
3441	#FFFFFF	15
3442	#FFFFFF	15
3443	#FFFFFF	15
3444	#FFFFFF	15
3445	#FFFFFF	15
3446	#FFFFFF	15
3447	#FFFFFF	68
3448	#FFFFFF	68
3449	#FFFFFF	68
3450	#FFFFFF	68
3451	#FFFFFF	15
3452	#FFFFFF	15
3453	#FFFFFF	15
3454	#FFFFFF	15
3455	#FFFFFF	15
3457	#FFFFFF	15
3458	#FFFFFF	15
3459	#FFFFFF	68
3460	#FFFFFF	15
3461	#FFFFFF	15
3462	#FFFFFF	15
3463	#FFFFFF	15
3464	#FFFFFF	15
3465	#FFFFFF	15
3466	#FFFFFF	15
3467	#FFFFFF	15
3468	#FFFFFF	15
3469	#FFFFFF	15
3470	#FFFFFF	68
3471	#FFFFFF	15
3472	#FFFFFF	15
3473	#FFFFFF	15
3474	#FFFFFF	15
3476	#FFFFFF	15
3477	#FFFFFF	15
3479	#FFFFFF	15
3480	#FFFFFF	68
3481	#FFFFFF	68
3482	#FFFFFF	68
3483	#FFFFFF	68
3484	#FFFFFF	68
3485	#FFFFFF	36
3486	#FFFFFF	36
3487	#FFFFFF	36
3488	#FFFFFF	36
3489	#FFFFFF	36
3490	#FFFFFF	36
3491	#FFFFFF	36
3492	#FFFFFF	36
3493	#FFFFFF	36
3494	#FFFFFF	135
3495	#FFFFFF	135
3496	#FFFFFF	135
3497	#FFFFFF	135
3498	#FFFFFF	36
3499	#FFFFFF	33
3500	#FFFFFF	33
3501	#FFFFFF	33
3502	#FFFFFF	135
3503	#FFFFFF	33
3504	#FFFFFF	33
3505	#FFFFFF	33
3506	#FFFFFF	33
3507	#FFFFFF	33
3509	#FFFFFF	36
3510	#FFFFFF	33
3511	#FFFFFF	135
3512	#FFFFFF	33
3513	#FFFFFF	33
3514	#FFFFFF	33
3515	#FFFFFF	33
3516	#FFFFFF	33
3517	#FFFFFF	135
3519	#FFFFFF	135
3520	#FFFFFF	36
3521	#FFFFFF	135
3522	#FFFFFF	135
3523	#FFFFFF	135
3524	#FFFFFF	135
3527	#FFFFFF	33
3528	#FFFFFF	33
3529	#FFFFFF	33
3530	#FFFFFF	33
3531	#FFFFFF	36
3532	#FFFFFF	36
3533	#FFFFFF	36
3534	#FFFFFF	36
3535	#FFFFFF	36
3536	#FFFFFF	36
3537	#FFFFFF	36
3538	#FFFFFF	36
3541	#FFFFFF	135
3543	#FFFFFF	135
3544	#FFFFFF	135
3545	#FFFFFF	135
3546	#FFFFFF	135
3547	#FFFFFF	135
3548	#FFFFFF	135
3549	#FFFFFF	36
3550	#FFFFFF	33
3551	#FFFFFF	33
3552	#FFFFFF	135
3553	#FFFFFF	135
3554	#FFFFFF	33
3555	#FFFFFF	33
3556	#FFFFFF	33
3557	#FFFFFF	33
3558	#FFFFFF	33
3559	#FFFFFF	135
3560	#FFFFFF	36
3561	#FFFFFF	135
3562	#FFFFFF	135
3563	#FFFFFF	33
3564	#FFFFFF	33
3565	#FFFFFF	33
3566	#FFFFFF	33
3567	#FFFFFF	135
3568	#FFFFFF	135
3569	#FFFFFF	135
3570	#FFFFFF	135
3571	#FFFFFF	36
3572	#FFFFFF	135
3573	#FFFFFF	135
3574	#FFFFFF	135
3575	#FFFFFF	135
3576	#FFFFFF	33
3577	#FFFFFF	33
3578	#FFFFFF	33
3579	#FFFFFF	33
3580	#FFFFFF	135
3581	#FFFFFF	36
3582	#FFFFFF	135
3583	#FFFFFF	36
3584	#FFFFFF	36
3586	#FFFFFF	36
3587	#FFFFFF	36
3588	#FFFFFF	36
3590	#FFFFFF	36
3591	#FFFFFF	36
3592	#FFFFFF	135
3593	#FFFFFF	135
3594	#FFFFFF	135
3595	#FFFFFF	135
3596	#FFFFFF	135
3597	#FFFFFF	135
3598	#FFFFFF	135
3599	#FFFFFF	36
3600	#FFFFFF	135
3601	#FFFFFF	33
3602	#FFFFFF	135
3603	#FFFFFF	135
3605	#FFFFFF	33
3606	#FFFFFF	33
3607	#FFFFFF	33
3608	#FFFFFF	33
3609	#FFFFFF	33
3610	#FFFFFF	36
3611	#FFFFFF	135
3612	#FFFFFF	135
3613	#FFFFFF	33
3614	#FFFFFF	33
3615	#FFFFFF	33
3616	#FFFFFF	33
3617	#FFFFFF	135
3618	#FFFFFF	135
3619	#FFFFFF	135
3620	#FFFFFF	135
3621	#FFFFFF	36
3622	#FFFFFF	33
3623	#FFFFFF	33
3624	#FFFFFF	135
3625	#FFFFFF	135
3626	#FFFFFF	33
3628	#FFFFFF	33
3629	#FFFFFF	33
3630	#FFFFFF	33
3632	#FFFFFF	135
3633	#FFFFFF	36
3634	#FFFFFF	135
3635	#FFFFFF	135
3636	#FFFFFF	36
3637	#FFFFFF	135
3638	#FFFFFF	36
3639	#FFFFFF	36
3640	#FFFFFF	135
3641	#FFFFFF	36
3642	#FFFFFF	135
3643	#FFFFFF	135
3644	#FFFFFF	135
3645	#FFFFFF	135
3647	#FFFFFF	135
3648	#FFFFFF	135
3649	#FFFFFF	135
3650	#FFFFFF	36
3651	#FFFFFF	135
3652	#FFFFFF	135
3653	#FFFFFF	135
3654	#FFFFFF	135
3655	#FFFFFF	135
3656	#FFFFFF	33
3657	#FFFFFF	135
3658	#FFFFFF	33
3659	#FFFFFF	33
3660	#FFFFFF	33
3661	#FFFFFF	36
3662	#FFFFFF	135
3663	#FFFFFF	33
3664	#FFFFFF	33
3665	#FFFFFF	33
3666	#FFFFFF	33
3667	#FFFFFF	33
3668	#FFFFFF	135
3669	#FFFFFF	135
3670	#FFFFFF	135
3671	#FFFFFF	33
3672	#FFFFFF	135
3674	#FFFFFF	33
3675	#FFFFFF	135
3676	#FFFFFF	33
3677	#FFFFFF	33
3678	#FFFFFF	33
3679	#FFFFFF	33
3680	#FFFFFF	33
3681	#FFFFFF	33
3683	#FFFFFF	135
3684	#FFFFFF	135
3685	#FFFFFF	36
3686	#FFFFFF	36
3687	#FFFFFF	36
3688	#FFFFFF	135
3689	#FFFFFF	36
3691	#FFFFFF	135
3692	#FFFFFF	135
3693	#FFFFFF	135
3694	#FFFFFF	135
3695	#FFFFFF	135
3696	#FFFFFF	135
3697	#FFFFFF	135
3698	#FFFFFF	135
3699	#FFFFFF	135
3700	#FFFFFF	135
3701	#FFFFFF	135
3702	#FFFFFF	135
3703	#FFFFFF	135
3704	#FFFFFF	135
3705	#FFFFFF	135
3706	#FFFFFF	135
3707	#FFFFFF	135
3708	#FFFFFF	33
3709	#FFFFFF	33
3710	#FFFFFF	33
3711	#FFFFFF	36
3712	#FFFFFF	135
3713	#FFFFFF	135
3714	#FFFFFF	135
3715	#FFFFFF	33
3716	#FFFFFF	33
3717	#FFFFFF	33
3718	#FFFFFF	33
3719	#FFFFFF	135
3720	#FFFFFF	135
3721	#FFFFFF	33
3722	#FFFFFF	135
3723	#FFFFFF	135
3724	#FFFFFF	33
3725	#FFFFFF	33
3726	#FFFFFF	33
3727	#FFFFFF	33
3728	#FFFFFF	33
3729	#FFFFFF	33
3730	#FFFFFF	33
3731	#FFFFFF	33
3732	#FFFFFF	33
3733	#FFFFFF	135
3735	#FFFFFF	135
3736	#FFFFFF	135
3737	#FFFFFF	36
3738	#FFFFFF	36
3739	#FFFFFF	135
3740	#FFFFFF	135
3741	#FFFFFF	36
3742	#FFFFFF	135
3743	#FFFFFF	135
3744	#FFFFFF	135
3745	#FFFFFF	135
3746	#FFFFFF	135
3747	#FFFFFF	135
3748	#FFFFFF	135
3749	#FFFFFF	135
3750	#FFFFFF	135
3751	#FFFFFF	135
3752	#FFFFFF	135
3753	#FFFFFF	135
3754	#FFFFFF	135
3755	#FFFFFF	135
3756	#FFFFFF	135
3757	#FFFFFF	135
3758	#FFFFFF	135
3759	#FFFFFF	33
3760	#FFFFFF	135
3761	#FFFFFF	33
3762	#FFFFFF	135
3763	#FFFFFF	135
3764	#FFFFFF	135
3765	#FFFFFF	135
3766	#FFFFFF	33
3767	#FFFFFF	33
3768	#FFFFFF	33
3769	#FFFFFF	33
3770	#FFFFFF	135
3771	#FFFFFF	135
3772	#FFFFFF	135
3773	#FFFFFF	135
3774	#FFFFFF	135
3775	#FFFFFF	135
3777	#FFFFFF	33
3778	#FFFFFF	33
3779	#FFFFFF	33
3780	#FFFFFF	33
3782	#FFFFFF	33
3783	#FFFFFF	36
3784	#FFFFFF	135
3785	#FFFFFF	135
3786	#FFFFFF	135
3788	#FFFFFF	36
3789	#FFFFFF	36
3790	#FFFFFF	135
3791	#FFFFFF	36
3792	#FFFFFF	36
3793	#FFFFFF	135
3794	#FFFFFF	135
3795	#FFFFFF	135
3796	#FFFFFF	135
3797	#FFFFFF	135
3798	#FFFFFF	135
3799	#FFFFFF	135
3800	#FFFFFF	135
3802	#FFFFFF	135
3803	#FFFFFF	135
3804	#FFFFFF	135
3805	#FFFFFF	135
3806	#FFFFFF	135
3807	#FFFFFF	135
3808	#FFFFFF	135
3809	#FFFFFF	33
3810	#FFFFFF	135
3811	#FFFFFF	33
3812	#FFFFFF	135
3813	#FFFFFF	135
3814	#FFFFFF	135
3815	#FFFFFF	135
3816	#FFFFFF	135
3817	#FFFFFF	33
3818	#FFFFFF	33
3819	#FFFFFF	33
3820	#FFFFFF	33
3821	#FFFFFF	135
3822	#FFFFFF	135
3823	#FFFFFF	135
3825	#FFFFFF	135
3826	#FFFFFF	135
3827	#FFFFFF	33
3828	#FFFFFF	33
3829	#FFFFFF	135
3830	#FFFFFF	33
3831	#FFFFFF	33
3832	#FFFFFF	33
3834	#FFFFFF	135
3837	#FFFFFF	135
3838	#FFFFFF	135
3839	#FFFFFF	36
3840	#FFFFFF	36
3841	#FFFFFF	135
3842	#FFFFFF	36
3843	#FFFFFF	135
3844	#FFFFFF	135
3845	#FFFFFF	135
3846	#FFFFFF	135
3847	#FFFFFF	135
3848	#FFFFFF	135
3849	#FFFFFF	135
3850	#FFFFFF	135
3851	#FFFFFF	135
3852	#FFFFFF	135
3853	#FFFFFF	135
3854	#FFFFFF	135
3855	#FFFFFF	135
3856	#FFFFFF	135
3857	#FFFFFF	135
3858	#FFFFFF	135
3859	#FFFFFF	33
3860	#FFFFFF	135
3861	#FFFFFF	135
3862	#FFFFFF	33
3864	#FFFFFF	135
3865	#FFFFFF	33
3866	#FFFFFF	135
3867	#FFFFFF	135
3868	#FFFFFF	33
3869	#FFFFFF	33
3870	#FFFFFF	33
3871	#FFFFFF	33
3872	#FFFFFF	135
3873	#FFFFFF	135
3874	#FFFFFF	135
3875	#FFFFFF	135
3876	#FFFFFF	135
3877	#FFFFFF	33
3878	#FFFFFF	135
3879	#FFFFFF	135
3880	#FFFFFF	33
3881	#FFFFFF	33
3882	#FFFFFF	33
3883	#FFFFFF	33
3884	#FFFFFF	36
3886	#FFFFFF	36
3887	#FFFFFF	36
3888	#FFFFFF	36
3889	#FFFFFF	36
3890	#FFFFFF	36
3891	#FFFFFF	135
3892	#FFFFFF	36
3893	#FFFFFF	135
3894	#FFFFFF	135
3895	#FFFFFF	36
3896	#FFFFFF	135
3897	#FFFFFF	135
3898	#FFFFFF	135
3899	#FFFFFF	135
3900	#FFFFFF	135
3901	#FFFFFF	135
3902	#FFFFFF	135
3903	#FFFFFF	135
3904	#FFFFFF	135
3905	#FFFFFF	135
3906	#FFFFFF	135
3907	#FFFFFF	135
3908	#FFFFFF	135
3909	#FFFFFF	135
3910	#FFFFFF	135
3911	#FFFFFF	135
3912	#FFFFFF	135
3913	#FFFFFF	135
3914	#FFFFFF	135
3915	#FFFFFF	135
3916	#FFFFFF	33
3917	#FFFFFF	33
3918	#FFFFFF	33
3919	#FFFFFF	33
3920	#FFFFFF	33
3922	#FFFFFF	33
3923	#FFFFFF	135
3924	#FFFFFF	135
3925	#FFFFFF	135
3926	#FFFFFF	135
3927	#FFFFFF	135
3928	#FFFFFF	135
3929	#FFFFFF	135
3930	#FFFFFF	33
3931	#FFFFFF	33
3932	#FFFFFF	33
3933	#FFFFFF	33
3934	#FFFFFF	33
3935	#FFFFFF	135
3936	#FFFFFF	36
3937	#FFFFFF	36
3938	#FFFFFF	36
3939	#FFFFFF	36
3940	#FFFFFF	135
3941	#FFFFFF	135
3942	#FFFFFF	135
3943	#FFFFFF	36
3944	#FFFFFF	135
3945	#FFFFFF	36
3946	#FFFFFF	36
3947	#FFFFFF	135
3948	#FFFFFF	135
3949	#FFFFFF	135
3950	#FFFFFF	135
3951	#FFFFFF	135
3952	#FFFFFF	135
3953	#FFFFFF	135
3954	#FFFFFF	135
3955	#FFFFFF	135
3956	#FFFFFF	135
3957	#FFFFFF	135
3958	#FFFFFF	135
3959	#FFFFFF	135
3960	#FFFFFF	135
3961	#FFFFFF	135
3962	#FFFFFF	135
3963	#FFFFFF	135
3964	#FFFFFF	135
3965	#FFFFFF	135
3966	#FFFFFF	135
3967	#FFFFFF	33
3968	#FFFFFF	33
3969	#FFFFFF	33
3970	#FFFFFF	135
3971	#FFFFFF	135
3972	#FFFFFF	33
3973	#FFFFFF	135
3974	#FFFFFF	135
3975	#FFFFFF	135
3976	#FFFFFF	135
3977	#FFFFFF	135
3978	#FFFFFF	135
3979	#FFFFFF	135
3980	#FFFFFF	33
3981	#FFFFFF	33
3982	#FFFFFF	33
3983	#FFFFFF	33
3984	#FFFFFF	33
3985	#FFFFFF	36
3988	#FFFFFF	36
3989	#FFFFFF	36
4041	#FFFFFF	68
4042	#FFFFFF	68
4043	#FFFFFF	68
4044	#FFFFFF	68
4045	#FFFFFF	68
4046	#FFFFFF	15
4047	#FFFFFF	15
4048	#FFFFFF	15
4049	#FFFFFF	15
4050	#FFFFFF	15
4051	#FFFFFF	15
4052	#FFFFFF	15
4053	#FFFFFF	68
4054	#FFFFFF	68
4055	#FFFFFF	68
4056	#FFFFFF	15
4057	#FFFFFF	68
4059	#FFFFFF	15
4060	#FFFFFF	15
4063	#FFFFFF	15
4064	#FFFFFF	15
4065	#FFFFFF	68
4066	#FFFFFF	15
4067	#FFFFFF	15
4068	#FFFFFF	15
4069	#FFFFFF	15
4070	#FFFFFF	15
4071	#FFFFFF	15
4072	#FFFFFF	15
4073	#FFFFFF	15
4074	#FFFFFF	15
4075	#FFFFFF	15
4076	#FFFFFF	68
4078	#FFFFFF	15
4079	#FFFFFF	15
4080	#FFFFFF	15
4083	#FFFFFF	15
4085	#FFFFFF	15
4086	#FFFFFF	15
4087	#FFFFFF	68
4088	#FFFFFF	68
4089	#FFFFFF	68
4090	#FFFFFF	68
4091	#FFFFFF	68
4092	#FFFFFF	68
4093	#FFFFFF	68
4094	#FFFFFF	68
4095	#FFFFFF	68
4096	#FFFFFF	15
4097	#FFFFFF	15
4098	#FFFFFF	15
4100	#FFFFFF	15
4101	#FFFFFF	15
4102	#FFFFFF	15
4103	#FFFFFF	68
4104	#FFFFFF	68
4105	#FFFFFF	68
4106	#FFFFFF	15
4107	#FFFFFF	15
4109	#FFFFFF	15
4111	#FFFFFF	15
4112	#FFFFFF	15
4113	#FFFFFF	15
4115	#FFFFFF	15
4116	#FFFFFF	68
4117	#FFFFFF	15
4118	#FFFFFF	15
4119	#FFFFFF	15
4120	#FFFFFF	15
4121	#FFFFFF	15
4122	#FFFFFF	15
4123	#FFFFFF	15
4124	#FFFFFF	15
4125	#FFFFFF	15
4126	#FFFFFF	15
4127	#FFFFFF	68
4128	#FFFFFF	15
4129	#FFFFFF	15
4131	#FFFFFF	15
4132	#FFFFFF	15
4133	#FFFFFF	15
4135	#FFFFFF	15
4136	#FFFFFF	15
4137	#FFFFFF	68
4138	#FFFFFF	68
4139	#FFFFFF	68
4140	#FFFFFF	68
4141	#FFFFFF	68
4142	#FFFFFF	68
4143	#FFFFFF	68
4144	#FFFFFF	68
4145	#FFFFFF	68
4146	#FFFFFF	68
4147	#FFFFFF	15
4148	#FFFFFF	15
4151	#FFFFFF	15
4152	#FFFFFF	15
4154	#FFFFFF	15
4155	#FFFFFF	68
4157	#FFFFFF	15
4158	#FFFFFF	15
4159	#FFFFFF	15
4160	#FFFFFF	15
4162	#FFFFFF	15
4165	#FFFFFF	15
4166	#FFFFFF	68
4167	#FFFFFF	15
4168	#FFFFFF	15
4170	#FFFFFF	15
4171	#FFFFFF	15
4172	#FFFFFF	15
4173	#FFFFFF	15
4174	#FFFFFF	15
4175	#FFFFFF	15
4176	#FFFFFF	15
4177	#FFFFFF	68
4179	#FFFFFF	15
4180	#FFFFFF	15
4181	#FFFFFF	15
4183	#FFFFFF	15
4185	#FFFFFF	15
4186	#FFFFFF	15
4187	#FFFFFF	15
4188	#FFFFFF	68
4189	#FFFFFF	68
4190	#FFFFFF	68
4191	#FFFFFF	68
4192	#FFFFFF	68
4193	#FFFFFF	68
4194	#FFFFFF	68
4195	#FFFFFF	68
4196	#FFFFFF	68
4197	#FFFFFF	68
4198	#FFFFFF	15
4199	#FFFFFF	15
4200	#FFFFFF	15
4201	#FFFFFF	15
4203	#FFFFFF	68
4204	#FFFFFF	15
4206	#FFFFFF	68
4207	#FFFFFF	68
4208	#FFFFFF	68
4209	#FFFFFF	68
4210	#FFFFFF	15
4211	#FFFFFF	15
4212	#FFFFFF	15
4214	#FFFFFF	15
4215	#FFFFFF	15
4216	#FFFFFF	15
4217	#FFFFFF	68
4219	#FFFFFF	15
4221	#FFFFFF	15
4222	#FFFFFF	15
4223	#FFFFFF	15
4224	#FFFFFF	15
4225	#FFFFFF	15
4226	#FFFFFF	15
4227	#FFFFFF	15
4228	#FFFFFF	68
4229	#FFFFFF	15
4230	#FFFFFF	15
4231	#FFFFFF	15
4233	#FFFFFF	15
4234	#FFFFFF	15
4235	#FFFFFF	15
4236	#FFFFFF	15
4237	#FFFFFF	15
4238	#FFFFFF	68
4239	#FFFFFF	68
4240	#FFFFFF	68
4241	#FFFFFF	68
4242	#FFFFFF	68
4243	#FFFFFF	68
4244	#FFFFFF	68
4245	#FFFFFF	68
4246	#FFFFFF	68
4247	#FFFFFF	68
4248	#FFFFFF	15
4249	#FFFFFF	15
4250	#FFFFFF	15
4252	#FFFFFF	15
4254	#FFFFFF	68
4255	#FFFFFF	68
4256	#FFFFFF	68
4258	#FFFFFF	68
4260	#FFFFFF	68
4262	#FFFFFF	15
4263	#FFFFFF	15
4264	#FFFFFF	15
4265	#FFFFFF	15
4266	#FFFFFF	15
4267	#FFFFFF	68
4268	#FFFFFF	15
4269	#FFFFFF	15
4270	#FFFFFF	15
4272	#FFFFFF	15
4273	#FFFFFF	15
4274	#FFFFFF	15
4275	#FFFFFF	15
4276	#FFFFFF	15
4277	#FFFFFF	15
4278	#FFFFFF	68
4279	#FFFFFF	15
4280	#FFFFFF	15
4281	#FFFFFF	15
4282	#FFFFFF	15
4286	#FFFFFF	15
4287	#FFFFFF	15
4288	#FFFFFF	15
4289	#FFFFFF	68
4290	#FFFFFF	68
4291	#FFFFFF	68
4292	#FFFFFF	68
4293	#FFFFFF	68
4294	#FFFFFF	68
4295	#FFFFFF	68
4296	#FFFFFF	68
4297	#FFFFFF	68
4298	#FFFFFF	68
4299	#FFFFFF	15
4301	#FFFFFF	15
4303	#FFFFFF	68
4304	#FFFFFF	68
4305	#FFFFFF	68
4306	#FFFFFF	68
4307	#FFFFFF	68
4308	#FFFFFF	68
4309	#FFFFFF	68
4310	#FFFFFF	15
4313	#FFFFFF	15
4314	#FFFFFF	15
4315	#FFFFFF	15
4316	#FFFFFF	15
4318	#FFFFFF	68
4319	#FFFFFF	15
4320	#FFFFFF	15
4321	#FFFFFF	15
4324	#FFFFFF	15
4325	#FFFFFF	15
4326	#FFFFFF	15
4327	#FFFFFF	15
4328	#FFFFFF	15
4329	#FFFFFF	68
4330	#FFFFFF	15
4331	#FFFFFF	15
4332	#FFFFFF	15
4333	#FFFFFF	15
4334	#FFFFFF	15
4335	#FFFFFF	15
4336	#FFFFFF	15
4337	#FFFFFF	15
4338	#FFFFFF	15
4339	#FFFFFF	68
4340	#FFFFFF	68
4341	#FFFFFF	68
4342	#FFFFFF	68
4343	#FFFFFF	68
4344	#FFFFFF	68
4345	#FFFFFF	68
4346	#FFFFFF	68
4347	#FFFFFF	68
4348	#FFFFFF	68
4349	#FFFFFF	68
4350	#FFFFFF	15
4351	#FFFFFF	68
4354	#FFFFFF	68
4355	#FFFFFF	68
4356	#FFFFFF	68
4357	#FFFFFF	68
4358	#FFFFFF	68
4359	#FFFFFF	68
4360	#FFFFFF	15
4361	#FFFFFF	15
4362	#FFFFFF	15
4364	#FFFFFF	15
4365	#FFFFFF	15
4366	#FFFFFF	15
4368	#FFFFFF	68
4369	#FFFFFF	15
4371	#FFFFFF	15
4372	#FFFFFF	15
4373	#FFFFFF	15
4374	#FFFFFF	15
4375	#FFFFFF	15
4376	#FFFFFF	15
4377	#FFFFFF	15
4378	#FFFFFF	15
4379	#FFFFFF	68
4380	#FFFFFF	15
4381	#FFFFFF	15
4383	#FFFFFF	15
4385	#FFFFFF	15
4386	#FFFFFF	15
4387	#FFFFFF	15
4388	#FFFFFF	15
4389	#FFFFFF	15
4390	#FFFFFF	68
4391	#FFFFFF	68
4392	#FFFFFF	68
4393	#FFFFFF	68
4394	#FFFFFF	68
4395	#FFFFFF	68
4396	#FFFFFF	68
4397	#FFFFFF	68
4398	#FFFFFF	68
4399	#FFFFFF	68
4400	#FFFFFF	68
4401	#FFFFFF	15
4402	#FFFFFF	68
4403	#FFFFFF	15
4404	#FFFFFF	15
4406	#FFFFFF	68
4407	#FFFFFF	68
4408	#FFFFFF	68
4409	#FFFFFF	68
4410	#FFFFFF	15
4412	#FFFFFF	15
4414	#FFFFFF	15
4415	#FFFFFF	15
4417	#FFFFFF	15
4418	#FFFFFF	15
4419	#FFFFFF	68
4420	#FFFFFF	15
4421	#FFFFFF	15
4422	#FFFFFF	15
4423	#FFFFFF	15
4424	#FFFFFF	15
4425	#FFFFFF	15
4426	#FFFFFF	15
4427	#FFFFFF	15
4428	#FFFFFF	15
4429	#FFFFFF	15
4430	#FFFFFF	68
4431	#FFFFFF	15
4432	#FFFFFF	15
4435	#FFFFFF	15
4436	#FFFFFF	15
4437	#FFFFFF	15
4438	#FFFFFF	15
4439	#FFFFFF	15
4440	#FFFFFF	68
4441	#FFFFFF	68
4442	#FFFFFF	68
4443	#FFFFFF	68
4444	#FFFFFF	68
4445	#FFFFFF	68
4446	#FFFFFF	68
4447	#FFFFFF	68
4448	#FFFFFF	36
4449	#FFFFFF	68
4450	#FFFFFF	68
4451	#FFFFFF	68
4453	#FFFFFF	68
4454	#FFFFFF	15
4455	#FFFFFF	68
4457	#FFFFFF	68
4458	#FFFFFF	68
4459	#FFFFFF	68
4461	#FFFFFF	15
4462	#FFFFFF	15
4464	#FFFFFF	15
4468	#FFFFFF	15
4469	#FFFFFF	68
4470	#FFFFFF	15
4471	#FFFFFF	15
4472	#FFFFFF	15
4473	#FFFFFF	15
4474	#FFFFFF	15
4475	#FFFFFF	15
4476	#FFFFFF	15
4477	#FFFFFF	15
4478	#FFFFFF	15
4479	#FFFFFF	15
4480	#FFFFFF	68
4481	#FFFFFF	15
4482	#FFFFFF	15
4483	#FFFFFF	15
4484	#FFFFFF	15
4485	#FFFFFF	15
4486	#FFFFFF	15
4487	#FFFFFF	15
4488	#FFFFFF	15
4489	#FFFFFF	15
4490	#FFFFFF	15
4491	#FFFFFF	68
4492	#FFFFFF	68
4493	#FFFFFF	68
4494	#FFFFFF	68
4495	#FFFFFF	68
4496	#FFFFFF	68
4497	#FFFFFF	68
4498	#FFFFFF	68
4499	#FFFFFF	36
4500	#FFFFFF	68
4501	#FFFFFF	68
4502	#FFFFFF	68
4503	#FFFFFF	15
4504	#FFFFFF	15
4505	#FFFFFF	15
4508	#FFFFFF	68
4509	#FFFFFF	68
4510	#FFFFFF	68
4511	#FFFFFF	15
4512	#FFFFFF	15
4513	#FFFFFF	15
4514	#FFFFFF	15
4515	#FFFFFF	15
4516	#FFFFFF	15
4517	#FFFFFF	15
4519	#FFFFFF	15
4520	#FFFFFF	68
4521	#FFFFFF	15
4522	#FFFFFF	15
4524	#FFFFFF	15
4525	#FFFFFF	15
4526	#FFFFFF	15
4527	#FFFFFF	15
4528	#FFFFFF	15
4529	#FFFFFF	15
4530	#FFFFFF	15
4531	#FFFFFF	68
4532	#FFFFFF	15
4533	#FFFFFF	15
4535	#FFFFFF	15
4536	#FFFFFF	15
4537	#FFFFFF	15
4538	#FFFFFF	15
4539	#FFFFFF	15
4540	#FFFFFF	15
4541	#FFFFFF	68
4542	#FFFFFF	68
4543	#FFFFFF	68
4544	#FFFFFF	68
4545	#FFFFFF	68
4546	#FFFFFF	187
4547	#FFFFFF	68
4548	#FFFFFF	68
4550	#FFFFFF	15
4551	#FFFFFF	15
4552	#FFFFFF	15
4553	#FFFFFF	15
4554	#FFFFFF	15
4555	#FFFFFF	68
4556	#FFFFFF	68
4557	#FFFFFF	68
4558	#FFFFFF	68
4559	#FFFFFF	68
4560	#FFFFFF	68
4562	#FFFFFF	15
4563	#FFFFFF	15
4564	#FFFFFF	68
4565	#FFFFFF	15
4566	#FFFFFF	15
4567	#FFFFFF	15
4568	#FFFFFF	15
4569	#FFFFFF	15
4570	#FFFFFF	68
4571	#FFFFFF	15
4572	#FFFFFF	15
4573	#FFFFFF	15
4574	#FFFFFF	15
4575	#FFFFFF	15
4576	#FFFFFF	15
4577	#FFFFFF	15
4578	#FFFFFF	15
4579	#FFFFFF	15
4580	#FFFFFF	15
4581	#FFFFFF	68
4582	#FFFFFF	15
4583	#FFFFFF	15
4584	#FFFFFF	15
4585	#FFFFFF	15
4586	#FFFFFF	15
4587	#FFFFFF	15
4588	#FFFFFF	15
4589	#FFFFFF	15
4590	#FFFFFF	356
4592	#FFFFFF	68
4593	#FFFFFF	68
4594	#FFFFFF	15
4595	#FFFFFF	15
4597	#FFFFFF	68
4598	#FFFFFF	68
4599	#FFFFFF	68
4600	#FFFFFF	15
4601	#FFFFFF	15
4602	#FFFFFF	15
4603	#FFFFFF	15
4604	#FFFFFF	15
4605	#FFFFFF	15
4606	#FFFFFF	68
4607	#FFFFFF	68
4608	#FFFFFF	68
4609	#FFFFFF	68
4610	#FFFFFF	68
4611	#FFFFFF	68
4612	#FFFFFF	15
4613	#FFFFFF	15
4614	#FFFFFF	15
4615	#FFFFFF	15
4616	#FFFFFF	15
4617	#FFFFFF	15
4618	#FFFFFF	15
4619	#FFFFFF	15
4620	#FFFFFF	15
4621	#FFFFFF	68
4622	#FFFFFF	15
4623	#FFFFFF	15
4624	#FFFFFF	15
4625	#FFFFFF	15
4626	#FFFFFF	15
4627	#FFFFFF	15
4628	#FFFFFF	15
4629	#FFFFFF	15
4630	#FFFFFF	15
4631	#FFFFFF	15
4632	#FFFFFF	68
4633	#FFFFFF	15
4634	#FFFFFF	15
4635	#FFFFFF	15
4636	#FFFFFF	15
4637	#FFFFFF	15
4638	#FFFFFF	15
4639	#FFFFFF	15
4640	#FFFFFF	15
4642	#FFFFFF	68
4643	#FFFFFF	15
4644	#FFFFFF	15
4645	#FFFFFF	15
4646	#FFFFFF	15
4647	#FFFFFF	68
4648	#FFFFFF	68
4649	#FFFFFF	187
4650	#FFFFFF	15
4651	#FFFFFF	15
4653	#FFFFFF	15
4654	#FFFFFF	15
4655	#FFFFFF	15
4656	#FFFFFF	68
4657	#FFFFFF	68
4658	#FFFFFF	15
4659	#FFFFFF	68
4660	#FFFFFF	68
4661	#FFFFFF	68
4663	#FFFFFF	15
4664	#FFFFFF	15
4665	#FFFFFF	15
4666	#FFFFFF	15
4668	#FFFFFF	15
4669	#FFFFFF	15
4670	#FFFFFF	15
4672	#FFFFFF	15
4673	#FFFFFF	15
4674	#FFFFFF	15
4675	#FFFFFF	15
4676	#FFFFFF	15
4677	#FFFFFF	15
4678	#FFFFFF	15
4679	#FFFFFF	15
4680	#FFFFFF	15
4681	#FFFFFF	15
4682	#FFFFFF	68
4683	#FFFFFF	15
4684	#FFFFFF	15
4685	#FFFFFF	15
4686	#FFFFFF	15
4687	#FFFFFF	15
4688	#FFFFFF	15
4689	#FFFFFF	15
4691	#FFFFFF	15
4693	#FFFFFF	68
4694	#FFFFFF	68
4695	#FFFFFF	15
4696	#FFFFFF	15
4697	#FFFFFF	68
4698	#FFFFFF	187
4699	#FFFFFF	187
4700	#FFFFFF	187
4702	#FFFFFF	15
4703	#FFFFFF	15
4704	#FFFFFF	15
4705	#FFFFFF	15
4706	#FFFFFF	68
4707	#FFFFFF	68
4708	#FFFFFF	68
4709	#FFFFFF	15
4710	#FFFFFF	15
4711	#FFFFFF	68
4712	#FFFFFF	68
4714	#FFFFFF	15
4716	#FFFFFF	15
4719	#FFFFFF	15
4720	#FFFFFF	15
4721	#FFFFFF	15
4722	#FFFFFF	68
4723	#FFFFFF	15
4724	#FFFFFF	15
4725	#FFFFFF	15
4726	#FFFFFF	15
4727	#FFFFFF	15
4728	#FFFFFF	15
4729	#FFFFFF	15
4730	#FFFFFF	15
4731	#FFFFFF	15
4732	#FFFFFF	15
4733	#FFFFFF	68
4734	#FFFFFF	15
4735	#FFFFFF	15
4736	#FFFFFF	15
4737	#FFFFFF	15
4738	#FFFFFF	15
4739	#FFFFFF	15
4740	#FFFFFF	15
4743	#FFFFFF	68
4744	#FFFFFF	15
4745	#FFFFFF	15
4746	#FFFFFF	68
4747	#FFFFFF	15
4748	#FFFFFF	187
4749	#FFFFFF	187
4750	#FFFFFF	187
4751	#FFFFFF	15
4752	#FFFFFF	15
4753	#FFFFFF	15
4754	#FFFFFF	15
4755	#FFFFFF	15
4756	#FFFFFF	15
4757	#FFFFFF	68
4758	#FFFFFF	68
4759	#FFFFFF	68
4760	#FFFFFF	15
4761	#FFFFFF	187
4762	#FFFFFF	15
4763	#FFFFFF	68
4765	#FFFFFF	15
4766	#FFFFFF	15
4767	#FFFFFF	15
4768	#FFFFFF	15
4769	#FFFFFF	15
4770	#FFFFFF	15
4771	#FFFFFF	15
4772	#FFFFFF	68
4773	#FFFFFF	15
4774	#FFFFFF	15
4775	#FFFFFF	15
4776	#FFFFFF	15
4777	#FFFFFF	15
4778	#FFFFFF	15
4779	#FFFFFF	15
4780	#FFFFFF	15
4781	#FFFFFF	15
4782	#FFFFFF	15
4783	#FFFFFF	68
4784	#FFFFFF	15
4785	#FFFFFF	15
4786	#FFFFFF	15
4787	#FFFFFF	15
4788	#FFFFFF	15
4789	#FFFFFF	15
4790	#FFFFFF	15
4791	#FFFFFF	15
4792	#FFFFFF	15
4793	#FFFFFF	15
4794	#FFFFFF	68
4795	#FFFFFF	15
4796	#FFFFFF	15
4797	#FFFFFF	68
4798	#FFFFFF	68
4799	#FFFFFF	187
4800	#FFFFFF	187
4801	#FFFFFF	187
4802	#FFFFFF	15
4803	#FFFFFF	15
4804	#FFFFFF	15
4806	#FFFFFF	15
4807	#FFFFFF	15
4808	#FFFFFF	15
4809	#FFFFFF	15
4810	#FFFFFF	15
4811	#FFFFFF	15
4812	#FFFFFF	68
4813	#FFFFFF	15
4814	#FFFFFF	15
4815	#FFFFFF	15
4817	#FFFFFF	15
4818	#FFFFFF	15
4819	#FFFFFF	15
4820	#FFFFFF	15
4821	#FFFFFF	15
4822	#FFFFFF	15
4823	#FFFFFF	68
4824	#FFFFFF	15
4825	#FFFFFF	15
4826	#FFFFFF	15
4827	#FFFFFF	15
4828	#FFFFFF	15
4829	#FFFFFF	15
4830	#FFFFFF	15
4831	#FFFFFF	15
4832	#FFFFFF	15
4833	#FFFFFF	15
4834	#FFFFFF	15
4835	#FFFFFF	15
4836	#FFFFFF	15
4837	#FFFFFF	15
4838	#FFFFFF	15
4839	#FFFFFF	15
4840	#FFFFFF	15
4841	#FFFFFF	15
4842	#FFFFFF	15
4845	#FFFFFF	15
4846	#FFFFFF	68
4847	#FFFFFF	68
4848	#FFFFFF	15
4849	#FFFFFF	187
4850	#FFFFFF	187
4851	#FFFFFF	187
4852	#FFFFFF	15
4853	#FFFFFF	15
4854	#FFFFFF	15
4855	#FFFFFF	15
4857	#FFFFFF	15
4858	#FFFFFF	15
4859	#FFFFFF	15
4860	#FFFFFF	15
4861	#FFFFFF	15
4862	#FFFFFF	187
4863	#FFFFFF	15
4864	#FFFFFF	15
4865	#FFFFFF	15
4866	#FFFFFF	15
4867	#FFFFFF	15
4868	#FFFFFF	68
4869	#FFFFFF	15
4870	#FFFFFF	15
4871	#FFFFFF	15
4872	#FFFFFF	15
4873	#FFFFFF	68
4874	#FFFFFF	68
4875	#FFFFFF	15
4876	#FFFFFF	15
4877	#FFFFFF	15
4878	#FFFFFF	15
4879	#FFFFFF	15
4881	#FFFFFF	15
4882	#FFFFFF	15
4883	#FFFFFF	15
4884	#FFFFFF	68
4885	#FFFFFF	15
4886	#FFFFFF	15
4887	#FFFFFF	15
4888	#FFFFFF	15
4889	#FFFFFF	15
4890	#FFFFFF	15
4891	#FFFFFF	68
4892	#FFFFFF	15
4893	#FFFFFF	15
4894	#FFFFFF	68
4895	#FFFFFF	15
4896	#FFFFFF	68
4897	#FFFFFF	15
4898	#FFFFFF	68
4899	#FFFFFF	68
4900	#FFFFFF	187
4901	#FFFFFF	187
4902	#FFFFFF	187
4903	#FFFFFF	15
4904	#FFFFFF	15
4905	#FFFFFF	15
4906	#FFFFFF	15
4907	#FFFFFF	15
4908	#FFFFFF	15
4909	#FFFFFF	15
4910	#FFFFFF	15
4911	#FFFFFF	15
4912	#FFFFFF	15
4913	#FFFFFF	68
4914	#FFFFFF	15
4915	#FFFFFF	15
4916	#FFFFFF	15
4917	#FFFFFF	15
4918	#FFFFFF	15
4919	#FFFFFF	68
4920	#FFFFFF	15
4921	#FFFFFF	15
4922	#FFFFFF	68
4923	#FFFFFF	68
4924	#FFFFFF	68
4925	#FFFFFF	68
4926	#FFFFFF	68
4927	#FFFFFF	15
4928	#FFFFFF	15
4929	#FFFFFF	15
4930	#FFFFFF	15
4931	#FFFFFF	15
4932	#FFFFFF	15
4933	#FFFFFF	15
4934	#FFFFFF	15
4935	#FFFFFF	68
4936	#FFFFFF	15
4937	#FFFFFF	15
4938	#FFFFFF	68
4939	#FFFFFF	68
4940	#FFFFFF	68
4941	#FFFFFF	68
4942	#FFFFFF	15
4943	#FFFFFF	68
4945	#FFFFFF	15
4946	#FFFFFF	15
4947	#FFFFFF	68
4948	#FFFFFF	68
4949	#FFFFFF	68
4950	#FFFFFF	187
4951	#FFFFFF	187
4953	#FFFFFF	15
4954	#FFFFFF	68
4955	#FFFFFF	15
4956	#FFFFFF	15
4957	#FFFFFF	15
4959	#FFFFFF	15
4960	#FFFFFF	15
4961	#FFFFFF	15
4962	#FFFFFF	15
4963	#FFFFFF	68
4964	#FFFFFF	15
4965	#FFFFFF	15
4966	#FFFFFF	15
4967	#FFFFFF	68
4968	#FFFFFF	68
4969	#FFFFFF	68
4970	#FFFFFF	68
4971	#FFFFFF	15
4972	#FFFFFF	68
4973	#FFFFFF	68
4975	#FFFFFF	15
4976	#FFFFFF	68
4977	#FFFFFF	15
4978	#FFFFFF	15
4979	#FFFFFF	15
4980	#FFFFFF	15
4981	#FFFFFF	15
4982	#FFFFFF	15
4983	#FFFFFF	15
4984	#FFFFFF	15
4985	#FFFFFF	68
4986	#FFFFFF	15
4987	#FFFFFF	15
4988	#FFFFFF	15
4989	#FFFFFF	68
4990	#FFFFFF	68
4991	#FFFFFF	68
4992	#FFFFFF	68
4993	#FFFFFF	68
4994	#FFFFFF	68
4995	#FFFFFF	68
4997	#FFFFFF	15
4998	#FFFFFF	15
4999	#FFFFFF	68
5000	#FFFFFF	68
5001	#FFFFFF	187
5002	#FFFFFF	68
5003	#FFFFFF	187
5004	#FFFFFF	68
5005	#FFFFFF	68
5006	#FFFFFF	15
5007	#FFFFFF	15
5008	#FFFFFF	15
5009	#FFFFFF	15
5010	#FFFFFF	15
5011	#FFFFFF	15
5012	#FFFFFF	15
5013	#FFFFFF	15
5015	#FFFFFF	15
5016	#FFFFFF	15
5017	#FFFFFF	15
5018	#FFFFFF	68
5019	#FFFFFF	68
5020	#FFFFFF	68
5021	#FFFFFF	15
5022	#FFFFFF	68
5023	#FFFFFF	68
5024	#FFFFFF	68
5025	#FFFFFF	68
5026	#FFFFFF	15
5027	#FFFFFF	15
5028	#FFFFFF	15
5029	#FFFFFF	15
5030	#FFFFFF	15
5031	#FFFFFF	15
5032	#FFFFFF	15
5033	#FFFFFF	15
5034	#FFFFFF	15
5035	#FFFFFF	15
5037	#FFFFFF	15
5038	#FFFFFF	15
5039	#FFFFFF	68
5040	#FFFFFF	68
5041	#FFFFFF	68
5042	#FFFFFF	68
5043	#FFFFFF	68
5044	#FFFFFF	68
5045	#FFFFFF	68
5046	#FFFFFF	68
5047	#FFFFFF	15
5048	#FFFFFF	68
5049	#FFFFFF	68
5050	#FFFFFF	68
