x	y	clickSelects
0.0245259576071604	1.96366948140393	36
0.0202152267442202	1.96790247420793	135
0.0198709104991304	1.96806967376347	36
0.0234981073600897	1.96443457300709	36
0.0241834230907196	1.96408199501772	36
0.0241834230907196	1.96408199501772	5
0.0234981073600897	1.96443457300709	135
0.0165777700003202	1.97051039748635	396
0.0245259576071604	1.96366948140393	135
0.0198709104991304	1.96806967376347	15
0.0241834230907196	1.96408199501772	140
0.0245259576071604	1.96366948140393	135
0.0202152267442202	1.96790247420793	15
0.0234981073600897	1.96443457300709	36
0.0195265111915504	1.96803052545194	135
0.0248684099401899	1.96306276053114	5
0.0198709104991304	1.96806967376347	5
0.0205594599643701	1.96755402133536	135
0.0198709104991304	1.96806967376347	15
0.0165777700003202	1.97051039748635	36
0.0205594599643701	1.96755402133536	281
0.0198709104991304	1.96806967376347	135
0.0238408063540501	1.9643368190771	77
0.0202152267442202	1.96790247420793	281
0.0231553260717803	1.96434041549701	15
0.0245259576071604	1.96366948140393	22
0.0195265111915504	1.96803052545194	281
0.0241834230907196	1.96408199501772	140
0.0162318224226201	1.97077097194121	281
0.0162318224226201	1.97077097194121	36
0.0202152267442202	1.96790247420793	15
0.0234981073600897	1.96443457300709	65
0.0238408063540501	1.9643368190771	431
0.0205594599643701	1.96755402133536	36
0.0209036101971298	1.96699729086264	28
0.0162318224226201	1.97077097194121	356
0.0205594599643701	1.96755402133536	15
0.0205594599643701	1.96755402133536	68
0.0245259576071604	1.96366948140393	36
0.0245259576071604	1.96366948140393	140
0.0205594599643701	1.96755402133536	65
0.0202152267442202	1.96790247420793	4
0.0198709104991304	1.96806967376347	7
0.0248684099401899	1.96306276053114	65
0.0198709104991304	1.96806967376347	16
0.0231553260717803	1.96434041549701	140
0.0234981073600897	1.96443457300709	65
0.0248684099401899	1.96306276053114	28
0.0234981073600897	1.96443457300709	68
0.0205594599643701	1.96755402133536	36
0.0245259576071604	1.96366948140393	36
0.0234981073600897	1.96443457300709	28
0.0245259576071604	1.96366948140393	36
0.0162318224226201	1.97077097194121	16
0.0234981073600897	1.96443457300709	36
0.0202152267442202	1.96790247420793	68
0.0238408063540501	1.9643368190771	16
0.0245259576071604	1.96366948140393	5
0.0241834230907196	1.96408199501772	5
0.0238408063540501	1.9643368190771	22
0.0245259576071604	1.96366948140393	78
0.0231553260717803	1.96434041549701	22
0.0198709104991304	1.96806967376347	78
0.0245259576071604	1.96366948140393	22
0.0198709104991304	1.96806967376347	65
0.0158857910040497	1.97080112496183	181
0.0195265111915504	1.96803052545194	78
0.0238408063540501	1.9643368190771	22
0.0238408063540501	1.9643368190771	16
0.0195265111915504	1.96803052545194	56
0.0202152267442202	1.96790247420793	68
0.0238408063540501	1.9643368190771	117
0.0205594599643701	1.96755402133536	23
0.0202152267442202	1.96790247420793	68
0.0202152267442202	1.96790247420793	22
0.0198709104991304	1.96806967376347	28
0.0195265111915504	1.96803052545194	24
0.0238408063540501	1.9643368190771	22
0.0205594599643701	1.96755402133536	22
0.0241834230907196	1.96408199501772	36
0.0245259576071604	1.96366948140393	24
0.0245259576071604	1.96366948140393	23
0.0202152267442202	1.96790247420793	438
0.0238408063540501	1.9643368190771	16
0.0248684099401899	1.96306276053114	22
0.0162318224226201	1.97077097194121	22
0.0205594599643701	1.96755402133536	28
0.0238408063540501	1.9643368190771	375
0.0248684099401899	1.96306276053114	65
0.0198709104991304	1.96806967376347	22
0.0245259576071604	1.96366948140393	22
0.0245259576071604	1.96366948140393	16
0.0162318224226201	1.97077097194121	22
0.0241834230907196	1.96408199501772	56
0.0169236337752103	1.97001809369707	117
0.0202152267442202	1.96790247420793	22
0.0245259576071604	1.96366948140393	202
0.0198709104991304	1.96806967376347	23
0.0231553260717803	1.96434041549701	22
0.0191820287839004	1.96756861548805	19
0.0169236337752103	1.97001809369707	22
0.0202152267442202	1.96790247420793	22
0.0158857910040497	1.97080112496183	19
0.0198709104991304	1.96806967376347	19
0.0195265111915504	1.96803052545194	23
0.0162318224226201	1.97077097194121	23
0.0162318224226201	1.97077097194121	305
0.0241834230907196	1.96408199501772	23
0.0234981073600897	1.96443457300709	23
0.0165777700003202	1.97051039748635	305
0.0241834230907196	1.96408199501772	36
0.0158857910040497	1.97080112496183	23
0.0238408063540501	1.9643368190771	11
0.0238408063540501	1.9643368190771	19
0.0241834230907196	1.96408199501772	56
0.0195265111915504	1.96803052545194	16
0.0241834230907196	1.96408199501772	19
0.0162318224226201	1.97077097194121	180
0.0165777700003202	1.97051039748635	2
0.0241834230907196	1.96408199501772	16
0.0241834230907196	1.96408199501772	11
0.0212476774799999	1.96600926858348	56
0.0241834230907196	1.96408199501772	2
0.0129283430698601	1.97265851971264	56
0.0231553260717803	1.96434041549701	180
0.0195265111915504	1.96803052545194	180
0.0198709104991304	1.96806967376347	117
0.0202152267442202	1.96790247420793	2
0.0241834230907196	1.96408199501772	2
0.0231553260717803	1.96434041549701	2
0.0169236337752103	1.97001809369707	117
0.0241834230907196	1.96408199501772	180
0.0241834230907196	1.96408199501772	23
0.0129283430698601	1.97265851971264	19
0.0202152267442202	1.96790247420793	75
0.0238408063540501	1.9643368190771	9
0.0248684099401899	1.96306276053114	19
0.0241834230907196	1.96408199501772	9
0.0169236337752103	1.97001809369707	19
0.0202152267442202	1.96790247420793	9
0.0191820287839004	1.96756861548805	9
0.0165777700003202	1.97051039748635	9
0.0241834230907196	1.96408199501772	16
0.0245259576071604	1.96366948140393	9
0.0209036101971298	1.96699729086264	380
0.0234981073600897	1.96443457300709	30
0.0241834230907196	1.96408199501772	19
0.0245259576071604	1.96366948140393	9
0.0238408063540501	1.9643368190771	9
0.0202152267442202	1.96790247420793	130
0.0198709104991304	1.96806967376347	9
0.0212476774799999	1.96600926858348	9
0.0238408063540501	1.9643368190771	30
0.0195265111915504	1.96803052545194	9
0.0234981073600897	1.96443457300709	9
0.0205594599643701	1.96755402133536	117
0.0162318224226201	1.97077097194121	179
0.0155396757071999	1.97039410327033	18
0.0162318224226201	1.97077097194121	19
0.0209036101971298	1.96699729086264	18
0.0162318224226201	1.97077097194121	6
0.0158857910040497	1.97080112496183	11
0.0209036101971298	1.96699729086264	19
0.0241834230907196	1.96408199501772	36
0.0165777700003202	1.97051039748635	30
0.0238408063540501	1.9643368190771	19
0.0125807498891097	1.97306282988807	16
0.0241834230907196	1.96408199501772	36
0.0169236337752103	1.97001809369707	30
0.0234981073600897	1.96443457300709	36
0.0198709104991304	1.96806967376347	36
0.0238408063540501	1.9643368190771	36
0.0238408063540501	1.9643368190771	30
0.0241834230907196	1.96408199501772	9
0.0169236337752103	1.97001809369707	19
0.0198709104991304	1.96806967376347	18
0.0241834230907196	1.96408199501772	30
0.0162318224226201	1.97077097194121	36
0.0238408063540501	1.9643368190771	18
0.0241834230907196	1.96408199501772	16
0.0245259576071604	1.96366948140393	2
0.0165777700003202	1.97051039748635	179
0.0238408063540501	1.9643368190771	30
0.0205594599643701	1.96755402133536	30
0.0198709104991304	1.96806967376347	30
0.0165777700003202	1.97051039748635	143
0.0158857910040497	1.97080112496183	19
0.0162318224226201	1.97077097194121	110
0.0198709104991304	1.96806967376347	18
0.0195265111915504	1.96803052545194	18
0.0202152267442202	1.96790247420793	9
0.0245259576071604	1.96366948140393	30
0.0234981073600897	1.96443457300709	18
0.0198709104991304	1.96806967376347	19
0.0238408063540501	1.9643368190771	30
0.0205594599643701	1.96755402133536	143
0.0238408063540501	1.9643368190771	108
0.0234981073600897	1.96443457300709	19
0.0228124624520696	1.96383356853162	18
0.0234981073600897	1.96443457300709	347
0.0205594599643701	1.96755402133536	36
0.0234981073600897	1.96443457300709	18
0.0238408063540501	1.9643368190771	30
0.0238408063540501	1.9643368190771	30
0.0234981073600897	1.96443457300709	30
0.0241834230907196	1.96408199501772	18
0.0241834230907196	1.96408199501772	19
0.0248684099401899	1.96306276053114	108
0.0209036101971298	1.96699729086264	37
0.0248684099401899	1.96306276053114	1
0.0241834230907196	1.96408199501772	72
0.0241834230907196	1.96408199501772	37
0.0155396757071999	1.97039410327033	30
0.0202152267442202	1.96790247420793	19
0.0162318224226201	1.97077097194121	6
0.0241834230907196	1.96408199501772	110
0.0198709104991304	1.96806967376347	110
0.0234981073600897	1.96443457300709	18
0.0162318224226201	1.97077097194121	18
0.0241834230907196	1.96408199501772	18
0.0238408063540501	1.9643368190771	1
0.0238408063540501	1.9643368190771	30
0.0245259576071604	1.96366948140393	43
0.0202152267442202	1.96790247420793	108
0.0234981073600897	1.96443457300709	1
0.0172694137853702	1.969080468361	1
0.0202152267442202	1.96790247420793	411
0.0248684099401899	1.96306276053114	36
0.0198709104991304	1.96806967376347	30
0.0241834230907196	1.96408199501772	36
0.0245259576071604	1.96366948140393	1
0.0202152267442202	1.96790247420793	1
0.0165777700003202	1.97051039748635	1
0.0238408063540501	1.9643368190771	6
0.0205594599643701	1.96755402133536	1
0.0209036101971298	1.96699729086264	108
0.0248684099401899	1.96306276053114	200
0.0238408063540501	1.9643368190771	1
0.0248684099401899	1.96306276053114	6
0.0241834230907196	1.96408199501772	44
0.0205594599643701	1.96755402133536	18
0.0234981073600897	1.96443457300709	6
0.0165777700003202	1.97051039748635	30
0.0234981073600897	1.96443457300709	1
0.0245259576071604	1.96366948140393	113
0.0241834230907196	1.96408199501772	109
0.0241834230907196	1.96408199501772	37
0.0238408063540501	1.9643368190771	36
0.0209036101971298	1.96699729086264	37
0.0125807498891097	1.97306282988807	37
0.0234981073600897	1.96443457300709	45
0.0165777700003202	1.97051039748635	108
0.0165777700003202	1.97051039748635	108
0.0241834230907196	1.96408199501772	415
0.0241834230907196	1.96408199501772	44
0.0241834230907196	1.96408199501772	1
0.0209036101971298	1.96699729086264	18
0.0125807498891097	1.97306282988807	37
0.0202152267442202	1.96790247420793	216
0.0202152267442202	1.96790247420793	37
0.0158857910040497	1.97080112496183	415
0.0238408063540501	1.9643368190771	26
0.0198709104991304	1.96806967376347	1
0.0234981073600897	1.96443457300709	1
0.0245259576071604	1.96366948140393	37
0.0195265111915504	1.96803052545194	1
0.0202152267442202	1.96790247420793	1
0.0162318224226201	1.97077097194121	1
0.0162318224226201	1.97077097194121	1
0.0122330720786703	1.97318628338998	1
0.0234981073600897	1.96443457300709	37
0.0234981073600897	1.96443457300709	301
0.0202152267442202	1.96790247420793	37
0.0202152267442202	1.96790247420793	1
0.0202152267442202	1.96790247420793	44
0.0162318224226201	1.97077097194121	1
0.0195265111915504	1.96803052545194	1
0.0162318224226201	1.97077097194121	1
0.0205594599643701	1.96755402133536	30
0.0241834230907196	1.96408199501772	1
0.0165777700003202	1.97051039748635	1
0.0195265111915504	1.96803052545194	60
0.0209036101971298	1.96699729086264	1
0.0238408063540501	1.9643368190771	1
0.0209036101971298	1.96699729086264	1
0.0234981073600897	1.96443457300709	30
0.0198709104991304	1.96806967376347	1
0.0125807498891097	1.97306282988807	30
0.0198709104991304	1.96806967376347	1
0.0234981073600897	1.96443457300709	58
0.0205594599643701	1.96755402133536	1
0.0209036101971298	1.96699729086264	60
0.0245259576071604	1.96366948140393	1
0.0245259576071604	1.96366948140393	12
0.0198709104991304	1.96806967376347	25
0.0234981073600897	1.96443457300709	1
0.0238408063540501	1.9643368190771	1
0.0241834230907196	1.96408199501772	60
0.0248684099401899	1.96306276053114	12
0.0191820287839004	1.96756861548805	1
0.0198709104991304	1.96806967376347	94
0.0245259576071604	1.96366948140393	1
0.0169236337752103	1.97001809369707	94
0.0162318224226201	1.97077097194121	94
0.0195265111915504	1.96803052545194	142
0.0234981073600897	1.96443457300709	94
0.0155396757071999	1.97039410327033	1
0.0205594599643701	1.96755402133536	60
0.0162318224226201	1.97077097194121	60
0.0238408063540501	1.9643368190771	58
0.0195265111915504	1.96803052545194	58
0.0165777700003202	1.97051039748635	1
0.0198709104991304	1.96806967376347	60
0.0245259576071604	1.96366948140393	1
0.0241834230907196	1.96408199501772	31
0.0245259576071604	1.96366948140393	1
0.0202152267442202	1.96790247420793	94
0.0202152267442202	1.96790247420793	31
0.0162318224226201	1.97077097194121	31
0.0231553260717803	1.96434041549701	67
0.0234981073600897	1.96443457300709	1
0.0234981073600897	1.96443457300709	30
0.0245259576071604	1.96366948140393	1
0.0202152267442202	1.96790247420793	1
0.0241834230907196	1.96408199501772	67
0.0231553260717803	1.96434041549701	204
0.0198709104991304	1.96806967376347	1
0.0245259576071604	1.96366948140393	1
0.0245259576071604	1.96366948140393	31
0.0241834230907196	1.96408199501772	60
0.0241834230907196	1.96408199501772	1
0.0241834230907196	1.96408199501772	1
0.0248684099401899	1.96306276053114	60
0.0162318224226201	1.97077097194121	1
0.0245259576071604	1.96366948140393	1
0.0238408063540501	1.9643368190771	31
0.0169236337752103	1.97001809369707	54
0.0245259576071604	1.96366948140393	34
0.0234981073600897	1.96443457300709	59
0.0202152267442202	1.96790247420793	60
0.0209036101971298	1.96699729086264	38
0.0245259576071604	1.96366948140393	31
0.0202152267442202	1.96790247420793	265
0.0241834230907196	1.96408199501772	442
0.0205594599643701	1.96755402133536	94
0.0209036101971298	1.96699729086264	94
0.0202152267442202	1.96790247420793	60
0.0158857910040497	1.97080112496183	1
0.0202152267442202	1.96790247420793	31
0.00931669963491988	1.97414370349169	34
0.0245259576071604	1.96366948140393	31
0.0205594599643701	1.96755402133536	151
0.0195265111915504	1.96803052545194	31
0.0238408063540501	1.9643368190771	31
0.0202152267442202	1.96790247420793	31
0.0162318224226201	1.97077097194121	34
0.0245259576071604	1.96366948140393	31
0.0238408063540501	1.9643368190771	54
0.0165777700003202	1.97051039748635	54
0.0238408063540501	1.9643368190771	38
0.0238408063540501	1.9643368190771	151
0.0198709104991304	1.96806967376347	34
0.0231553260717803	1.96434041549701	38
0.0238408063540501	1.9643368190771	60
0.0238408063540501	1.9643368190771	31
0.0245259576071604	1.96366948140393	31
0.0245259576071604	1.96366948140393	30
0.0169236337752103	1.97001809369707	107
0.0195265111915504	1.96803052545194	38
0.0248684099401899	1.96306276053114	87
0.0241834230907196	1.96408199501772	38
0.0245259576071604	1.96366948140393	1
0.0202152267442202	1.96790247420793	31
0.0209036101971298	1.96699729086264	1
0.0241834230907196	1.96408199501772	87
0.0205594599643701	1.96755402133536	151
0.0165777700003202	1.97051039748635	17
0.0234981073600897	1.96443457300709	46
0.0212476774799999	1.96600926858348	17
0.0195265111915504	1.96803052545194	369
0.0234981073600897	1.96443457300709	219
0.0245259576071604	1.96366948140393	145
0.0238408063540501	1.9643368190771	29
0.0238408063540501	1.9643368190771	87
0.0198709104991304	1.96806967376347	29
0.0248684099401899	1.96306276053114	17
0.0241834230907196	1.96408199501772	31
0.0125807498891097	1.97306282988807	289
0.0241834230907196	1.96408199501772	38
0.0238408063540501	1.9643368190771	31
0.0241834230907196	1.96408199501772	151
0.0238408063540501	1.9643368190771	269
0.0238408063540501	1.9643368190771	151
0.0248684099401899	1.96306276053114	31
0.0245259576071604	1.96366948140393	46
0.0241834230907196	1.96408199501772	145
0.0248684099401899	1.96306276053114	44
0.0234981073600897	1.96443457300709	289
0.0228124624520696	1.96383356853162	70
0.0238408063540501	1.9643368190771	289
0.0122330720786703	1.97318628338998	312
0.0202152267442202	1.96790247420793	289
0.0238408063540501	1.9643368190771	151
0.0205594599643701	1.96755402133536	46
0.0198709104991304	1.96806967376347	31
0.0238408063540501	1.9643368190771	35
0.0202152267442202	1.96790247420793	437
0.0202152267442202	1.96790247420793	44
0.0248684099401899	1.96306276053114	107
0.0165777700003202	1.97051039748635	54
0.0198709104991304	1.96806967376347	458
0.0234981073600897	1.96443457300709	151
0.0241834230907196	1.96408199501772	31
0.0248684099401899	1.96306276053114	44
0.0205594599643701	1.96755402133536	17
0.0165777700003202	1.97051039748635	107
0.0234981073600897	1.96443457300709	309
0.0238408063540501	1.9643368190771	151
0.0122330720786703	1.97318628338998	46
0.0241834230907196	1.96408199501772	44
0.0158857910040497	1.97080112496183	70
0.0198709104991304	1.96806967376347	17
0.0238408063540501	1.9643368190771	70
0.0238408063540501	1.9643368190771	44
0.0241834230907196	1.96408199501772	46
0.0241834230907196	1.96408199501772	46
0.0198709104991304	1.96806967376347	46
0.0212476774799999	1.96600926858348	46
0.0238408063540501	1.9643368190771	178
0.0238408063540501	1.9643368190771	38
0.0205594599643701	1.96755402133536	46
0.0234981073600897	1.96443457300709	46
0.0241834230907196	1.96408199501772	46
0.0202152267442202	1.96790247420793	144
0.0205594599643701	1.96755402133536	103
0.0241834230907196	1.96408199501772	46
0.0234981073600897	1.96443457300709	46
0.0231553260717803	1.96434041549701	46
0.0205594599643701	1.96755402133536	38
0.0248684099401899	1.96306276053114	21
0.0162318224226201	1.97077097194121	272
0.0248684099401899	1.96306276053114	144
0.0205594599643701	1.96755402133536	174
0.0205594599643701	1.96755402133536	46
0.0202152267442202	1.96790247420793	70
0.0231553260717803	1.96434041549701	144
0.0209036101971298	1.96699729086264	70
0.0198709104991304	1.96806967376347	46
0.0231553260717803	1.96434041549701	46
0.0162318224226201	1.97077097194121	272
0.0205594599643701	1.96755402133536	21
0.0234981073600897	1.96443457300709	46
0.0205594599643701	1.96755402133536	386
0.0205594599643701	1.96755402133536	21
0.0241834230907196	1.96408199501772	386
0.0231553260717803	1.96434041549701	144
0.0191820287839004	1.96756861548805	46
0.0202152267442202	1.96790247420793	46
0.0245259576071604	1.96366948140393	47
0.0238408063540501	1.9643368190771	21
0.0209036101971298	1.96699729086264	272
0.0198709104991304	1.96806967376347	46
0.0205594599643701	1.96755402133536	46
0.0245259576071604	1.96366948140393	46
0.0241834230907196	1.96408199501772	46
0.0241834230907196	1.96408199501772	21
0.0202152267442202	1.96790247420793	21
0.0158857910040497	1.97080112496183	21
0.0198709104991304	1.96806967376347	21
0.0195265111915504	1.96803052545194	144
0.0238408063540501	1.9643368190771	21
0.0202152267442202	1.96790247420793	46
0.0241834230907196	1.96408199501772	21
0.0205594599643701	1.96755402133536	13
0.0162318224226201	1.97077097194121	21
0.0202152267442202	1.96790247420793	144
0.0205594599643701	1.96755402133536	13
0.0202152267442202	1.96790247420793	13
0.0245259576071604	1.96366948140393	46
0.0202152267442202	1.96790247420793	46
0.0165777700003202	1.97051039748635	13
0.0245259576071604	1.96366948140393	46
0.0248684099401899	1.96306276053114	13
0.0202152267442202	1.96790247420793	168
0.0238408063540501	1.9643368190771	168
0.0165777700003202	1.97051039748635	21
0.0248684099401899	1.96306276053114	13
0.0169236337752103	1.97001809369707	46
0.0202152267442202	1.96790247420793	21
0.0125807498891097	1.97306282988807	21
0.0209036101971298	1.96699729086264	13
0.0205594599643701	1.96755402133536	168
0.0165777700003202	1.97051039748635	13
0.0241834230907196	1.96408199501772	13
0.0238408063540501	1.9643368190771	47
0.0238408063540501	1.9643368190771	168
0.0169236337752103	1.97001809369707	21
0.0238408063540501	1.9643368190771	13
0.0245259576071604	1.96366948140393	186
0.0241834230907196	1.96408199501772	46
0.0172694137853702	1.969080468361	46
0.0231553260717803	1.96434041549701	20
0.0245259576071604	1.96366948140393	13
0.0198709104991304	1.96806967376347	64
0.0212476774799999	1.96600926858348	425
0.0245259576071604	1.96366948140393	21
0.0162318224226201	1.97077097194121	20
0.0245259576071604	1.96366948140393	20
0.0241834230907196	1.96408199501772	64
0.0169236337752103	1.97001809369707	13
0.0231553260717803	1.96434041549701	21
0.0241834230907196	1.96408199501772	20
0.0129283430698601	1.97265851971264	46
0.0162318224226201	1.97077097194121	64
0.0165777700003202	1.97051039748635	64
0.0209036101971298	1.96699729086264	55
0.0238408063540501	1.9643368190771	46
0.0252107801269599	1.96203456739584	13
0.0238408063540501	1.9643368190771	46
0.0241834230907196	1.96408199501772	46
0.0241834230907196	1.96408199501772	41
0.0205594599643701	1.96755402133536	20
0.0241834230907196	1.96408199501772	13
0.0241834230907196	1.96408199501772	20
0.0195265111915504	1.96803052545194	20
0.0169236337752103	1.97001809369707	97
0.0198709104991304	1.96806967376347	13
0.0205594599643701	1.96755402133536	46
0.0245259576071604	1.96366948140393	20
0.0234981073600897	1.96443457300709	20
0.0165777700003202	1.97051039748635	64
0.0248684099401899	1.96306276053114	13
0.0245259576071604	1.96366948140393	64
0.0209036101971298	1.96699729086264	13
0.0245259576071604	1.96366948140393	46
0.0205594599643701	1.96755402133536	46
0.0198709104991304	1.96806967376347	97
0.0202152267442202	1.96790247420793	13
0.0241834230907196	1.96408199501772	63
0.0241834230907196	1.96408199501772	97
0.0125807498891097	1.97306282988807	13
0.0241834230907196	1.96408199501772	20
0.0198709104991304	1.96806967376347	13
0.0245259576071604	1.96366948140393	52
0.0202152267442202	1.96790247420793	63
0.0241834230907196	1.96408199501772	64
0.0125807498891097	1.97306282988807	52
0.0195265111915504	1.96803052545194	102
0.0245259576071604	1.96366948140393	64
0.0212476774799999	1.96600926858348	63
0.0234981073600897	1.96443457300709	63
0.0241834230907196	1.96408199501772	63
0.0209036101971298	1.96699729086264	97
0.0202152267442202	1.96790247420793	102
0.0198709104991304	1.96806967376347	102
0.0205594599643701	1.96755402133536	13
0.0169236337752103	1.97001809369707	83
0.0212476774799999	1.96600926858348	52
0.0162318224226201	1.97077097194121	97
0.0202152267442202	1.96790247420793	63
0.0195265111915504	1.96803052545194	83
0.0162318224226201	1.97077097194121	73
0.0205594599643701	1.96755402133536	402
0.0238408063540501	1.9643368190771	73
0.0162318224226201	1.97077097194121	73
0.0198709104991304	1.96806967376347	73
0.0209036101971298	1.96699729086264	73
0.0241834230907196	1.96408199501772	73
0.0205594599643701	1.96755402133536	73
0.0205594599643701	1.96755402133536	90
0.0245259576071604	1.96366948140393	90
